IndicatorID,IndicatorName,ParentCode,ParentName,AreaCode,AreaName,AreaType,Sex,Age,CategoryType,Category,Timeperiod,Value,LowerCI95.0limit,UpperCI95.0limit,LowerCI99.8limit,UpperCI99.8limit,Count,Denominator,Valuenote,RecentTrend,ComparedtoEnglandvalueorpercentiles,ComparedtoDistrict&UA(pre4/19)valueorpercentiles,TimeperiodSortable,Newdata,Comparedtogoal
93106,"Children with excess weight Reception Year, three year average",E08000001,Bolton,E02000984,Bolton 001,MSOA,Persons,4-5 yrs,NA,NA,2016/17 - 18/19,15.450643776824,11.3739630365282,20.6480736450275,NA,NA,36,233,NA,NA,Better,Better,20160000,NA,NA
93106,"Children with excess weight Reception Year, three year average",E08000001,Bolton,E02000985,Bolton 002,MSOA,Persons,4-5 yrs,NA,NA,2016/17 - 18/19,18.8679245283019,14.1730531362571,24.6709480481232,NA,NA,40,212,NA,NA,Similar,Similar,20160000,NA,NA
93106,"Children with excess weight Reception Year, three year average",E08000001,Bolton,E02000986,Bolton 003,MSOA,Persons,4-5 yrs,NA,NA,2016/17 - 18/19,18.450184501845,14.2841640921362,23.4981483967667,NA,NA,50,271,NA,NA,Similar,Similar,20160000,NA,NA
93106,"Children with excess weight Reception Year, three year average",E08000001,Bolton,E02000987,Bolton 004,MSOA,Persons,4-5 yrs,NA,NA,2016/17 - 18/19,22.8070175438596,17.8378068857445,28.6773674792074,NA,NA,52,228,NA,NA,Similar,Similar,20160000,NA,NA
93106,"Children with excess weight Reception Year, three year average",E08000001,Bolton,E02000988,Bolton 005,MSOA,Persons,4-5 yrs,NA,NA,2016/17 - 18/19,17.0520231213873,13.4562675714309,21.3713538406848,NA,NA,59,346,NA,NA,Better,Better,20160000,NA,NA
93106,"Children with excess weight Reception Year, three year average",E08000001,Bolton,E02000989,Bolton 006,MSOA,Persons,4-5 yrs,NA,NA,2016/17 - 18/19,21.0970464135021,16.3847113562808,26.7313947033507,NA,NA,50,237,NA,NA,Similar,Similar,20160000,NA,NA
93106,"Children with excess weight Reception Year, three year average",E08000001,Bolton,E02000990,Bolton 007,MSOA,Persons,4-5 yrs,NA,NA,2016/17 - 18/19,19.7986577181208,15.6712307911489,24.6948141175702,NA,NA,59,298,NA,NA,Similar,Similar,20160000,NA,NA
93106,"Children with excess weight Reception Year, three year average",E08000001,Bolton,E02000991,Bolton 008,MSOA,Persons,4-5 yrs,NA,NA,2016/17 - 18/19,20.1986754966887,16.0579239659621,25.0880538572967,NA,NA,61,302,NA,NA,Similar,Similar,20160000,NA,NA
93106,"Children with excess weight Reception Year, three year average",E08000001,Bolton,E02000992,Bolton 009,MSOA,Persons,4-5 yrs,NA,NA,2016/17 - 18/19,22.1719457013575,17.1968664881297,28.0979200493968,NA,NA,49,221,NA,NA,Similar,Similar,20160000,NA,NA
93106,"Children with excess weight Reception Year, three year average",E08000001,Bolton,E02000993,Bolton 010,MSOA,Persons,4-5 yrs,NA,NA,2016/17 - 18/19,27.4463007159905,23.3929168769345,31.9094793149807,NA,NA,115,419,NA,NA,Worse,Worse,20160000,NA,NA
93106,"Children with excess weight Reception Year, three year average",E08000001,Bolton,E02000994,Bolton 011,MSOA,Persons,4-5 yrs,NA,NA,2016/17 - 18/19,18.6567164179104,15.1517201802936,22.7550671813848,NA,NA,75,402,NA,NA,Similar,Similar,20160000,NA,NA
93106,"Children with excess weight Reception Year, three year average",E08000001,Bolton,E02000995,Bolton 012,MSOA,Persons,4-5 yrs,NA,NA,2016/17 - 18/19,17.7914110429448,14.0222773982676,22.3107715911384,NA,NA,58,326,NA,NA,Better,Similar,20160000,NA,NA
93106,"Children with excess weight Reception Year, three year average",E08000001,Bolton,E02000996,Bolton 013,MSOA,Persons,4-5 yrs,NA,NA,2016/17 - 18/19,26.4840182648402,22.569077830597,30.8078640820455,NA,NA,116,438,NA,NA,Worse,Worse,20160000,NA,NA
93106,"Children with excess weight Reception Year, three year average",E08000001,Bolton,E02000997,Bolton 014,MSOA,Persons,4-5 yrs,NA,NA,2016/17 - 18/19,20.3883495145631,15.4524765580032,26.4083927451182,NA,NA,42,206,NA,NA,Similar,Similar,20160000,NA,NA
93106,"Children with excess weight Reception Year, three year average",E08000001,Bolton,E02000998,Bolton 015,MSOA,Persons,4-5 yrs,NA,NA,2016/17 - 18/19,21.1864406779661,17.7401663189048,25.0979376424201,NA,NA,100,472,NA,NA,Similar,Similar,20160000,NA,NA
93106,"Children with excess weight Reception Year, three year average",E08000001,Bolton,E02000999,Bolton 016,MSOA,Persons,4-5 yrs,NA,NA,2016/17 - 18/19,24.1791044776119,19.9035030939455,29.0401708584362,NA,NA,81,335,NA,NA,Similar,Similar,20160000,NA,NA
93106,"Children with excess weight Reception Year, three year average",E08000001,Bolton,E02001000,Bolton 017,MSOA,Persons,4-5 yrs,NA,NA,2016/17 - 18/19,26.984126984127,22.3813592514223,32.1414934113667,NA,NA,85,315,NA,NA,Similar,Worse,20160000,NA,NA
93106,"Children with excess weight Reception Year, three year average",E08000001,Bolton,E02001001,Bolton 018,MSOA,Persons,4-5 yrs,NA,NA,2016/17 - 18/19,20.8791208791209,17.0185691138054,25.3479056496224,NA,NA,76,364,NA,NA,Similar,Similar,20160000,NA,NA
93106,"Children with excess weight Reception Year, three year average",E08000001,Bolton,E02001002,Bolton 019,MSOA,Persons,4-5 yrs,NA,NA,2016/17 - 18/19,26.1501210653753,22.1455325404419,30.5942931579562,NA,NA,108,413,NA,NA,Similar,Worse,20160000,NA,NA
93106,"Children with excess weight Reception Year, three year average",E08000001,Bolton,E02001003,Bolton 020,MSOA,Persons,4-5 yrs,NA,NA,2016/17 - 18/19,17.1122994652406,12.3901284241195,23.1584673788684,NA,NA,32,187,NA,NA,Similar,Similar,20160000,NA,NA
93106,"Children with excess weight Reception Year, three year average",E08000001,Bolton,E02001004,Bolton 021,MSOA,Persons,4-5 yrs,NA,NA,2016/17 - 18/19,17.3361522198731,14.1913395701006,21.0072480769956,NA,NA,82,473,NA,NA,Better,Better,20160000,NA,NA
93106,"Children with excess weight Reception Year, three year average",E08000001,Bolton,E02001005,Bolton 022,MSOA,Persons,4-5 yrs,NA,NA,2016/17 - 18/19,22.9257641921397,19.3106508808352,26.9912682597147,NA,NA,105,458,NA,NA,Similar,Similar,20160000,NA,NA
93106,"Children with excess weight Reception Year, three year average",E08000001,Bolton,E02001006,Bolton 023,MSOA,Persons,4-5 yrs,NA,NA,2016/17 - 18/19,19.1489361702128,15.8474288663881,22.9506660234602,NA,NA,90,470,NA,NA,Similar,Similar,20160000,NA,NA
93106,"Children with excess weight Reception Year, three year average",E08000001,Bolton,E02001007,Bolton 024,MSOA,Persons,4-5 yrs,NA,NA,2016/17 - 18/19,26.1290322580645,21.5518238795127,31.2906079151482,NA,NA,81,310,NA,NA,Similar,Similar,20160000,NA,NA
93106,"Children with excess weight Reception Year, three year average",E08000001,Bolton,E02001008,Bolton 025,MSOA,Persons,4-5 yrs,NA,NA,2016/17 - 18/19,21.5481171548117,18.0967955536626,25.4531014050343,NA,NA,103,478,NA,NA,Similar,Similar,20160000,NA,NA
93106,"Children with excess weight Reception Year, three year average",E08000001,Bolton,E02001009,Bolton 026,MSOA,Persons,4-5 yrs,NA,NA,2016/17 - 18/19,22.0963172804533,18.0814729678553,26.7119373463345,NA,NA,78,353,NA,NA,Similar,Similar,20160000,NA,NA
93106,"Children with excess weight Reception Year, three year average",E08000001,Bolton,E02001010,Bolton 027,MSOA,Persons,4-5 yrs,NA,NA,2016/17 - 18/19,25.2396166134185,20.7473632960318,30.3322711126341,NA,NA,79,313,NA,NA,Similar,Similar,20160000,NA,NA
93106,"Children with excess weight Reception Year, three year average",E08000001,Bolton,E02001011,Bolton 028,MSOA,Persons,4-5 yrs,NA,NA,2016/17 - 18/19,17.2413793103448,13.3294501206728,22.009830877132,NA,NA,50,290,NA,NA,Better,Better,20160000,NA,NA
93106,"Children with excess weight Reception Year, three year average",E08000001,Bolton,E02001012,Bolton 029,MSOA,Persons,4-5 yrs,NA,NA,2016/17 - 18/19,25.4278728606357,21.4498087963283,29.8632205263157,NA,NA,104,409,NA,NA,Similar,Similar,20160000,NA,NA
93106,"Children with excess weight Reception Year, three year average",E08000001,Bolton,E02001013,Bolton 030,MSOA,Persons,4-5 yrs,NA,NA,2016/17 - 18/19,20.1030927835052,15.0689862875422,26.2982070745265,NA,NA,39,194,NA,NA,Similar,Similar,20160000,NA,NA
93106,"Children with excess weight Reception Year, three year average",E08000001,Bolton,E02001014,Bolton 031,MSOA,Persons,4-5 yrs,NA,NA,2016/17 - 18/19,21.6783216783217,17.2951110239521,26.8122638632897,NA,NA,62,286,NA,NA,Similar,Similar,20160000,NA,NA
93106,"Children with excess weight Reception Year, three year average",E08000001,Bolton,E02001015,Bolton 032,MSOA,Persons,4-5 yrs,NA,NA,2016/17 - 18/19,27.0547945205479,22.2817772095622,32.4236922218822,NA,NA,79,292,NA,NA,Similar,Worse,20160000,NA,NA
93106,"Children with excess weight Reception Year, three year average",E08000001,Bolton,E02001016,Bolton 033,MSOA,Persons,4-5 yrs,NA,NA,2016/17 - 18/19,28.0575539568345,23.9607143763235,32.554976707722,NA,NA,117,417,NA,NA,Worse,Worse,20160000,NA,NA
93106,"Children with excess weight Reception Year, three year average",E08000001,Bolton,E02001017,Bolton 034,MSOA,Persons,4-5 yrs,NA,NA,2016/17 - 18/19,24.9363867684478,20.9154153889109,29.4425939316296,NA,NA,98,393,NA,NA,Similar,Similar,20160000,NA,NA
93106,"Children with excess weight Reception Year, three year average",E08000001,Bolton,E02001018,Bolton 035,MSOA,Persons,4-5 yrs,NA,NA,2016/17 - 18/19,18.8755020080321,14.5019014137356,24.1948610859935,NA,NA,47,249,NA,NA,Similar,Similar,20160000,NA,NA
93106,"Children with excess weight Reception Year, three year average",E08000002,Bury,E02001019,Bury 001,MSOA,Persons,4-5 yrs,NA,NA,2016/17 - 18/19,21.7391304347826,17.4382858998634,26.7569373505762,NA,NA,65,299,NA,NA,Similar,Similar,20160000,NA,NA
93106,"Children with excess weight Reception Year, three year average",E08000002,Bury,E02001020,Bury 002,MSOA,Persons,4-5 yrs,NA,NA,2016/17 - 18/19,21.25,15.6240683070385,28.224087915323,NA,NA,34,160,NA,NA,Similar,Similar,20160000,NA,NA
93106,"Children with excess weight Reception Year, three year average",E08000002,Bury,E02001021,Bury 003,MSOA,Persons,4-5 yrs,NA,NA,2016/17 - 18/19,17.3913043478261,13.0394447600451,22.8145305117148,NA,NA,40,230,NA,NA,Similar,Better,20160000,NA,NA
93106,"Children with excess weight Reception Year, three year average",E08000002,Bury,E02001022,Bury 004,MSOA,Persons,4-5 yrs,NA,NA,2016/17 - 18/19,22.3333333333333,17.9871358080062,27.379108599752,NA,NA,67,300,NA,NA,Similar,Similar,20160000,NA,NA
93106,"Children with excess weight Reception Year, three year average",E08000002,Bury,E02001023,Bury 005,MSOA,Persons,4-5 yrs,NA,NA,2016/17 - 18/19,22.0657276995305,17.0189504358795,28.1022451845572,NA,NA,47,213,NA,NA,Similar,Similar,20160000,NA,NA
93106,"Children with excess weight Reception Year, three year average",E08000002,Bury,E02001024,Bury 006,MSOA,Persons,4-5 yrs,NA,NA,2016/17 - 18/19,23.5074626865672,18.8271154323171,28.9365551218264,NA,NA,63,268,NA,NA,Similar,Similar,20160000,NA,NA
93106,"Children with excess weight Reception Year, three year average",E08000002,Bury,E02001025,Bury 007,MSOA,Persons,4-5 yrs,NA,NA,2016/17 - 18/19,29.7142857142857,25.1677494144347,34.7012833232024,NA,NA,104,350,NA,NA,Worse,Worse,20160000,NA,NA
93106,"Children with excess weight Reception Year, three year average",E08000002,Bury,E02001026,Bury 008,MSOA,Persons,4-5 yrs,NA,NA,2016/17 - 18/19,25.0440917107584,21.6538330769551,28.7702302724989,NA,NA,142,567,NA,NA,Similar,Similar,20160000,NA,NA
93106,"Children with excess weight Reception Year, three year average",E08000002,Bury,E02001027,Bury 009,MSOA,Persons,4-5 yrs,NA,NA,2016/17 - 18/19,21.25,17.1226047126626,26.0594694201377,NA,NA,68,320,NA,NA,Similar,Similar,20160000,NA,NA
93106,"Children with excess weight Reception Year, three year average",E08000002,Bury,E02001028,Bury 010,MSOA,Persons,4-5 yrs,NA,NA,2016/17 - 18/19,24.8847926267281,19.6028005533724,31.0405249426345,NA,NA,54,217,NA,NA,Similar,Similar,20160000,NA,NA
93106,"Children with excess weight Reception Year, three year average",E08000002,Bury,E02001029,Bury 011,MSOA,Persons,4-5 yrs,NA,NA,2016/17 - 18/19,25.1798561151079,20.4395139691764,30.5967882918778,NA,NA,70,278,NA,NA,Similar,Similar,20160000,NA,NA
93106,"Children with excess weight Reception Year, three year average",E08000002,Bury,E02001030,Bury 012,MSOA,Persons,4-5 yrs,NA,NA,2016/17 - 18/19,21.0843373493976,15.568963477418,27.9077349290944,NA,NA,35,166,NA,NA,Similar,Similar,20160000,NA,NA
93106,"Children with excess weight Reception Year, three year average",E08000002,Bury,E02001031,Bury 013,MSOA,Persons,4-5 yrs,NA,NA,2016/17 - 18/19,24.2798353909465,19.3162093644122,30.0439991689525,NA,NA,59,243,NA,NA,Similar,Similar,20160000,NA,NA
93106,"Children with excess weight Reception Year, three year average",E08000002,Bury,E02001032,Bury 014,MSOA,Persons,4-5 yrs,NA,NA,2016/17 - 18/19,21.8120805369128,17.4981977829568,26.8434441318477,NA,NA,65,298,NA,NA,Similar,Similar,20160000,NA,NA
93106,"Children with excess weight Reception Year, three year average",E08000002,Bury,E02001033,Bury 015,MSOA,Persons,4-5 yrs,NA,NA,2016/17 - 18/19,29.646017699115,24.0722070069605,35.9002015950177,NA,NA,67,226,NA,NA,Worse,Worse,20160000,NA,NA
93106,"Children with excess weight Reception Year, three year average",E08000002,Bury,E02001034,Bury 016,MSOA,Persons,4-5 yrs,NA,NA,2016/17 - 18/19,24.2424242424242,20.1184558648153,28.9058445506395,NA,NA,88,363,NA,NA,Similar,Similar,20160000,NA,NA
93106,"Children with excess weight Reception Year, three year average",E08000002,Bury,E02001035,Bury 017,MSOA,Persons,4-5 yrs,NA,NA,2016/17 - 18/19,19.1588785046729,14.4483988121279,24.9570749142257,NA,NA,41,214,NA,NA,Similar,Similar,20160000,NA,NA
93106,"Children with excess weight Reception Year, three year average",E08000002,Bury,E02001036,Bury 018,MSOA,Persons,4-5 yrs,NA,NA,2016/17 - 18/19,27.1565495207668,22.5283505520275,32.3386669991932,NA,NA,85,313,NA,NA,Similar,Similar,20160000,NA,NA
93106,"Children with excess weight Reception Year, three year average",E08000002,Bury,E02001037,Bury 019,MSOA,Persons,4-5 yrs,NA,NA,2016/17 - 18/19,17.7884615384615,13.1898972268496,23.5552513640031,NA,NA,37,208,NA,NA,Similar,Similar,20160000,NA,NA
93106,"Children with excess weight Reception Year, three year average",E08000002,Bury,E02001038,Bury 020,MSOA,Persons,4-5 yrs,NA,NA,2016/17 - 18/19,23.1182795698925,17.6405071613499,29.6839599907645,NA,NA,43,186,NA,NA,Similar,Similar,20160000,NA,NA
93106,"Children with excess weight Reception Year, three year average",E08000002,Bury,E02001039,Bury 021,MSOA,Persons,4-5 yrs,NA,NA,2016/17 - 18/19,24.5989304812834,20.507003926111,29.207354949958,NA,NA,92,374,NA,NA,Similar,Similar,20160000,NA,NA
93106,"Children with excess weight Reception Year, three year average",E08000002,Bury,E02001040,Bury 022,MSOA,Persons,4-5 yrs,NA,NA,2016/17 - 18/19,23.6263736263736,18.0399809502487,30.3030849031979,NA,NA,43,182,NA,NA,Similar,Similar,20160000,NA,NA
93106,"Children with excess weight Reception Year, three year average",E08000002,Bury,E02001041,Bury 023,MSOA,Persons,4-5 yrs,NA,NA,2016/17 - 18/19,23.0188679245283,18.3577278036122,28.4510714689081,NA,NA,61,265,NA,NA,Similar,Similar,20160000,NA,NA
93106,"Children with excess weight Reception Year, three year average",E08000002,Bury,E02001042,Bury 024,MSOA,Persons,4-5 yrs,NA,NA,2016/17 - 18/19,16.7487684729064,12.2401688894448,22.4924515582633,NA,NA,34,203,NA,NA,Better,Better,20160000,NA,NA
93106,"Children with excess weight Reception Year, three year average",E08000002,Bury,E02001043,Bury 025,MSOA,Persons,4-5 yrs,NA,NA,2016/17 - 18/19,20,15.0452009260981,26.0855186565379,NA,NA,40,200,NA,NA,Similar,Similar,20160000,NA,NA
93106,"Children with excess weight Reception Year, three year average",E08000002,Bury,E02001044,Bury 026,MSOA,Persons,4-5 yrs,NA,NA,2016/17 - 18/19,18.1333333333333,14.5632080964657,22.34971565164,NA,NA,68,375,NA,NA,Better,Better,20160000,NA,NA
93106,"Children with excess weight Reception Year, three year average",E08000003,Manchester,E02001045,Manchester 001,MSOA,Persons,4-5 yrs,NA,NA,2016/17 - 18/19,30,25.5556663323798,34.8553591149114,NA,NA,111,370,NA,NA,Worse,Worse,20160000,NA,NA
93106,"Children with excess weight Reception Year, three year average",E08000003,Manchester,E02001046,Manchester 002,MSOA,Persons,4-5 yrs,NA,NA,2016/17 - 18/19,26.1208576998051,22.5069338422024,30.0897482120914,NA,NA,134,513,NA,NA,Similar,Similar,20160000,NA,NA
93106,"Children with excess weight Reception Year, three year average",E08000003,Manchester,E02001047,Manchester 003,MSOA,Persons,4-5 yrs,NA,NA,2016/17 - 18/19,26.0869565217391,22.0907522604472,30.5228537328809,NA,NA,108,414,NA,NA,Similar,Similar,20160000,NA,NA
93106,"Children with excess weight Reception Year, three year average",E08000003,Manchester,E02001048,Manchester 004,MSOA,Persons,4-5 yrs,NA,NA,2016/17 - 18/19,22.1393034825871,18.3550718272484,26.4509613831324,NA,NA,89,402,NA,NA,Similar,Similar,20160000,NA,NA
93106,"Children with excess weight Reception Year, three year average",E08000003,Manchester,E02001049,Manchester 005,MSOA,Persons,4-5 yrs,NA,NA,2016/17 - 18/19,26.1845386533666,22.1220176646779,30.6990198455651,NA,NA,105,401,NA,NA,Similar,Similar,20160000,NA,NA
93106,"Children with excess weight Reception Year, three year average",E08000003,Manchester,E02001050,Manchester 006,MSOA,Persons,4-5 yrs,NA,NA,2016/17 - 18/19,26.8235294117647,22.8328233582809,31.2294539826865,NA,NA,114,425,NA,NA,Worse,Similar,20160000,NA,NA
93106,"Children with excess weight Reception Year, three year average",E08000003,Manchester,E02001051,Manchester 007,MSOA,Persons,4-5 yrs,NA,NA,2016/17 - 18/19,30.0829875518672,26.1593765468099,34.3215588459722,NA,NA,145,482,NA,NA,Worse,Worse,20160000,NA,NA
93106,"Children with excess weight Reception Year, three year average",E08000003,Manchester,E02001052,Manchester 008,MSOA,Persons,4-5 yrs,NA,NA,2016/17 - 18/19,23.5862068965517,20.6401834957984,26.8106653321874,NA,NA,171,725,NA,NA,Similar,Similar,20160000,NA,NA
93106,"Children with excess weight Reception Year, three year average",E08000003,Manchester,E02001053,Manchester 009,MSOA,Persons,4-5 yrs,NA,NA,2016/17 - 18/19,28.8107202680067,25.3224600566245,32.5699263148856,NA,NA,172,597,NA,NA,Worse,Worse,20160000,NA,NA
93106,"Children with excess weight Reception Year, three year average",E08000003,Manchester,E02001055,Manchester 011,MSOA,Persons,4-5 yrs,NA,NA,2016/17 - 18/19,27.4468085106383,23.6075292024131,31.651767751545002,NA,NA,129,470,NA,NA,Worse,Similar,20160000,NA,NA
93106,"Children with excess weight Reception Year, three year average",E08000003,Manchester,E02001056,Manchester 012,MSOA,Persons,4-5 yrs,NA,NA,2016/17 - 18/19,26.3761467889908,22.4590347687899,30.7059077647474,NA,NA,115,436,NA,NA,Similar,Similar,20160000,NA,NA
93106,"Children with excess weight Reception Year, three year average",E08000003,Manchester,E02001057,Manchester 013,MSOA,Persons,4-5 yrs,NA,NA,2016/17 - 18/19,30.1324503311258,25.2336711096305,35.5303141058754,NA,NA,91,302,NA,NA,Worse,Worse,20160000,NA,NA
93106,"Children with excess weight Reception Year, three year average",E08000003,Manchester,E02001059,Manchester 015,MSOA,Persons,4-5 yrs,NA,NA,2016/17 - 18/19,26.4084507042254,22.9502268913193,30.1836363733879,NA,NA,150,568,NA,NA,Worse,Similar,20160000,NA,NA
93106,"Children with excess weight Reception Year, three year average",E08000003,Manchester,E02001061,Manchester 017,MSOA,Persons,4-5 yrs,NA,NA,2016/17 - 18/19,29.5503211991435,25.592515673748,33.8418127139022,NA,NA,138,467,NA,NA,Worse,Worse,20160000,NA,NA
93106,"Children with excess weight Reception Year, three year average",E08000003,Manchester,E02001062,Manchester 018,MSOA,Persons,4-5 yrs,NA,NA,2016/17 - 18/19,20.7792207792208,17.0248799216106,25.110919927923,NA,NA,80,385,NA,NA,Similar,Similar,20160000,NA,NA
93106,"Children with excess weight Reception Year, three year average",E08000003,Manchester,E02001063,Manchester 019,MSOA,Persons,4-5 yrs,NA,NA,2016/17 - 18/19,22.6923076923077,18.0203777790639,28.1594225318104,NA,NA,59,260,NA,NA,Similar,Similar,20160000,NA,NA
93106,"Children with excess weight Reception Year, three year average",E08000003,Manchester,E02001064,Manchester 020,MSOA,Persons,4-5 yrs,NA,NA,2016/17 - 18/19,26.0683760683761,22.2972667090973,30.229160163213,NA,NA,122,468,NA,NA,Similar,Similar,20160000,NA,NA
93106,"Children with excess weight Reception Year, three year average",E08000003,Manchester,E02001065,Manchester 021,MSOA,Persons,4-5 yrs,NA,NA,2016/17 - 18/19,26.603325415677,22.6077056828759,31.0220552762247,NA,NA,112,421,NA,NA,Worse,Similar,20160000,NA,NA
93106,"Children with excess weight Reception Year, three year average",E08000003,Manchester,E02001066,Manchester 022,MSOA,Persons,4-5 yrs,NA,NA,2016/17 - 18/19,15.6156156156156,12.1114100379546,19.904084491209,NA,NA,52,333,NA,NA,Better,Better,20160000,NA,NA
93106,"Children with excess weight Reception Year, three year average",E08000003,Manchester,E02001067,Manchester 023,MSOA,Persons,4-5 yrs,NA,NA,2016/17 - 18/19,29.9159663865546,26.37518218515,33.714421418671,NA,NA,178,595,NA,NA,Worse,Worse,20160000,NA,NA
93106,"Children with excess weight Reception Year, three year average",E08000003,Manchester,E02001068,Manchester 024,MSOA,Persons,4-5 yrs,NA,NA,2016/17 - 18/19,23.0088495575221,19.7275654795102,26.6546829887507,NA,NA,130,565,NA,NA,Similar,Similar,20160000,NA,NA
93106,"Children with excess weight Reception Year, three year average",E08000003,Manchester,E02001069,Manchester 025,MSOA,Persons,4-5 yrs,NA,NA,2016/17 - 18/19,22.5742574257426,19.142904516322,26.4197073349247,NA,NA,114,505,NA,NA,Similar,Similar,20160000,NA,NA
93106,"Children with excess weight Reception Year, three year average",E08000003,Manchester,E02001070,Manchester 026,MSOA,Persons,4-5 yrs,NA,NA,2016/17 - 18/19,22.6190476190476,17.8872623792844,28.1730827125105,NA,NA,57,252,NA,NA,Similar,Similar,20160000,NA,NA
93106,"Children with excess weight Reception Year, three year average",E08000003,Manchester,E02001071,Manchester 027,MSOA,Persons,4-5 yrs,NA,NA,2016/17 - 18/19,22.5885225885226,19.8564559970086,25.5765317083616,NA,NA,185,819,NA,NA,Similar,Similar,20160000,NA,NA
93106,"Children with excess weight Reception Year, three year average",E08000003,Manchester,E02001072,Manchester 028,MSOA,Persons,4-5 yrs,NA,NA,2016/17 - 18/19,17.4545454545455,13.4251722382648,22.3806434546219,NA,NA,48,275,NA,NA,Better,Better,20160000,NA,NA
93106,"Children with excess weight Reception Year, three year average",E08000003,Manchester,E02001073,Manchester 029,MSOA,Persons,4-5 yrs,NA,NA,2016/17 - 18/19,13.8686131386861,10.2736446121596,18.4626927075418,NA,NA,38,274,NA,NA,Better,Better,20160000,NA,NA
93106,"Children with excess weight Reception Year, three year average",E08000003,Manchester,E02001074,Manchester 030,MSOA,Persons,4-5 yrs,NA,NA,2016/17 - 18/19,22.1176470588235,18.4313223739282,26.3034985895707,NA,NA,94,425,NA,NA,Similar,Similar,20160000,NA,NA
93106,"Children with excess weight Reception Year, three year average",E08000003,Manchester,E02001075,Manchester 031,MSOA,Persons,4-5 yrs,NA,NA,2016/17 - 18/19,28.1984334203655,23.9257536291164,32.9041062030981,NA,NA,108,383,NA,NA,Worse,Similar,20160000,NA,NA
93106,"Children with excess weight Reception Year, three year average",E08000003,Manchester,E02001076,Manchester 032,MSOA,Persons,4-5 yrs,NA,NA,2016/17 - 18/19,23.3766233766234,17.3903410557891,30.6587959626727,NA,NA,36,154,NA,NA,Similar,Similar,20160000,NA,NA
93106,"Children with excess weight Reception Year, three year average",E08000003,Manchester,E02001077,Manchester 033,MSOA,Persons,4-5 yrs,NA,NA,2016/17 - 18/19,18.1818181818182,13.6457707043766,23.8099621444047,NA,NA,40,220,NA,NA,Similar,Better,20160000,NA,NA
93106,"Children with excess weight Reception Year, three year average",E08000003,Manchester,E02001078,Manchester 034,MSOA,Persons,4-5 yrs,NA,NA,2016/17 - 18/19,28.1862745098039,24.0398226806548,32.7396621944955,NA,NA,115,408,NA,NA,Worse,Similar,20160000,NA,NA
93106,"Children with excess weight Reception Year, three year average",E08000003,Manchester,E02001079,Manchester 035,MSOA,Persons,4-5 yrs,NA,NA,2016/17 - 18/19,23.0519480519481,18.6976532942696,28.070168845939,NA,NA,71,308,NA,NA,Similar,Similar,20160000,NA,NA
93106,"Children with excess weight Reception Year, three year average",E08000003,Manchester,E02001080,Manchester 036,MSOA,Persons,4-5 yrs,NA,NA,2016/17 - 18/19,23.936170212766,18.3975594218133,30.5185921741791,NA,NA,45,188,NA,NA,Similar,Similar,20160000,NA,NA
93106,"Children with excess weight Reception Year, three year average",E08000003,Manchester,E02001081,Manchester 037,MSOA,Persons,4-5 yrs,NA,NA,2016/17 - 18/19,19.8067632850242,14.9492727119593,25.7644746225705,NA,NA,41,207,NA,NA,Similar,Similar,20160000,NA,NA
93106,"Children with excess weight Reception Year, three year average",E08000003,Manchester,E02001082,Manchester 038,MSOA,Persons,4-5 yrs,NA,NA,2016/17 - 18/19,24.812030075188,18.2478867793703,32.7903434635626,NA,NA,33,133,NA,NA,Similar,Similar,20160000,NA,NA
93106,"Children with excess weight Reception Year, three year average",E08000003,Manchester,E02001083,Manchester 039,MSOA,Persons,4-5 yrs,NA,NA,2016/17 - 18/19,19.2546583850932,13.9094157401297,26.0328774740507,NA,NA,31,161,NA,NA,Similar,Similar,20160000,NA,NA
93106,"Children with excess weight Reception Year, three year average",E08000003,Manchester,E02001084,Manchester 040,MSOA,Persons,4-5 yrs,NA,NA,2016/17 - 18/19,21.5384615384615,16.9752244391356,26.9304829271277,NA,NA,56,260,NA,NA,Similar,Similar,20160000,NA,NA
93106,"Children with excess weight Reception Year, three year average",E08000003,Manchester,E02001085,Manchester 041,MSOA,Persons,4-5 yrs,NA,NA,2016/17 - 18/19,26.9417475728155,22.8852955396697,31.4242144984033,NA,NA,111,412,NA,NA,Worse,Similar,20160000,NA,NA
93106,"Children with excess weight Reception Year, three year average",E08000003,Manchester,E02001086,Manchester 042,MSOA,Persons,4-5 yrs,NA,NA,2016/17 - 18/19,22.4299065420561,17.3556938883373,28.4764720185546,NA,NA,48,214,NA,NA,Similar,Similar,20160000,NA,NA
93106,"Children with excess weight Reception Year, three year average",E08000003,Manchester,E02001087,Manchester 043,MSOA,Persons,4-5 yrs,NA,NA,2016/17 - 18/19,13.8686131386861,10.2736446121596,18.4626927075418,NA,NA,38,274,NA,NA,Better,Better,20160000,NA,NA
93106,"Children with excess weight Reception Year, three year average",E08000003,Manchester,E02001088,Manchester 044,MSOA,Persons,4-5 yrs,NA,NA,2016/17 - 18/19,25.8312020460358,21.742570764614,30.3901154622827,NA,NA,101,391,NA,NA,Similar,Similar,20160000,NA,NA
93106,"Children with excess weight Reception Year, three year average",E08000003,Manchester,E02001089,Manchester 045,MSOA,Persons,4-5 yrs,NA,NA,2016/17 - 18/19,18.1132075471698,13.9426697729982,23.1950020945258,NA,NA,48,265,NA,NA,Similar,Better,20160000,NA,NA
93106,"Children with excess weight Reception Year, three year average",E08000003,Manchester,E02001090,Manchester 046,MSOA,Persons,4-5 yrs,NA,NA,2016/17 - 18/19,23,17.7093432590688,29.3083043653036,NA,NA,46,200,NA,NA,Similar,Similar,20160000,NA,NA
93106,"Children with excess weight Reception Year, three year average",E08000003,Manchester,E02001091,Manchester 047,MSOA,Persons,4-5 yrs,NA,NA,2016/17 - 18/19,19.5364238410596,15.4591428022863,24.3789678614894,NA,NA,59,302,NA,NA,Similar,Better,20160000,NA,NA
93106,"Children with excess weight Reception Year, three year average",E08000003,Manchester,E02001092,Manchester 048,MSOA,Persons,4-5 yrs,NA,NA,2016/17 - 18/19,29.0760869565217,24.6715341511288,33.9129656815646,NA,NA,107,368,NA,NA,Worse,Similar,20160000,NA,NA
93106,"Children with excess weight Reception Year, three year average",E08000003,Manchester,E02001093,Manchester 049,MSOA,Persons,4-5 yrs,NA,NA,2016/17 - 18/19,25.8205689277899,22.0213047183047,30.0229404836038,NA,NA,118,457,NA,NA,Similar,Similar,20160000,NA,NA
93106,"Children with excess weight Reception Year, three year average",E08000003,Manchester,E02001094,Manchester 050,MSOA,Persons,4-5 yrs,NA,NA,2016/17 - 18/19,31.5175097276265,27.6508368899836,35.6583967058168,NA,NA,162,514,NA,NA,Worse,Worse,20160000,NA,NA
93106,"Children with excess weight Reception Year, three year average",E08000003,Manchester,E02001095,Manchester 051,MSOA,Persons,4-5 yrs,NA,NA,2016/17 - 18/19,26.2886597938144,22.1563494663427,30.8858833403196,NA,NA,102,388,NA,NA,Similar,Similar,20160000,NA,NA
93106,"Children with excess weight Reception Year, three year average",E08000003,Manchester,E02001096,Manchester 052,MSOA,Persons,4-5 yrs,NA,NA,2016/17 - 18/19,27.8169014084507,22.9279052962474,33.2979974919644,NA,NA,79,284,NA,NA,Worse,Similar,20160000,NA,NA
93106,"Children with excess weight Reception Year, three year average",E08000003,Manchester,E02001097,Manchester 053,MSOA,Persons,4-5 yrs,NA,NA,2016/17 - 18/19,27.6536312849162,23.2761211746444,32.5056180098402,NA,NA,99,358,NA,NA,Worse,Similar,20160000,NA,NA
93106,"Children with excess weight Reception Year, three year average",E08000004,Oldham,E02001098,Oldham 001,MSOA,Persons,4-5 yrs,NA,NA,2016/17 - 18/19,20.5882352941176,15.1924485190557,27.2838740576299,NA,NA,35,170,NA,NA,Similar,Similar,20160000,NA,NA
93106,"Children with excess weight Reception Year, three year average",E08000004,Oldham,E02001099,Oldham 002,MSOA,Persons,4-5 yrs,NA,NA,2016/17 - 18/19,24.2937853107345,18.5655664847575,31.1141139417164,NA,NA,43,177,NA,NA,Similar,Similar,20160000,NA,NA
93106,"Children with excess weight Reception Year, three year average",E08000004,Oldham,E02001100,Oldham 003,MSOA,Persons,4-5 yrs,NA,NA,2016/17 - 18/19,26.4367816091954,20.4444427184497,33.4470736108921,NA,NA,46,174,NA,NA,Similar,Similar,20160000,NA,NA
93106,"Children with excess weight Reception Year, three year average",E08000004,Oldham,E02001101,Oldham 004,MSOA,Persons,4-5 yrs,NA,NA,2016/17 - 18/19,23.1292517006803,17.0498812410171,30.5772495109417,NA,NA,34,147,NA,NA,Similar,Similar,20160000,NA,NA
93106,"Children with excess weight Reception Year, three year average",E08000004,Oldham,E02001102,Oldham 005,MSOA,Persons,4-5 yrs,NA,NA,2016/17 - 18/19,19.138755980861198,14.381458331306,25.0100489836882,NA,NA,40,209,NA,NA,Similar,Similar,20160000,NA,NA
93106,"Children with excess weight Reception Year, three year average",E08000004,Oldham,E02001103,Oldham 006,MSOA,Persons,4-5 yrs,NA,NA,2016/17 - 18/19,15.4411764705882,10.3267984503267,22.4542231489062,NA,NA,21,136,NA,NA,Better,Better,20160000,NA,NA
93106,"Children with excess weight Reception Year, three year average",E08000004,Oldham,E02001104,Oldham 007,MSOA,Persons,4-5 yrs,NA,NA,2016/17 - 18/19,26.1029411764706,21.2421206983337,31.6293582462059,NA,NA,71,272,NA,NA,Similar,Similar,20160000,NA,NA
93106,"Children with excess weight Reception Year, three year average",E08000004,Oldham,E02001105,Oldham 008,MSOA,Persons,4-5 yrs,NA,NA,2016/17 - 18/19,19.205298013245,13.7179289282781,26.2206374554875,NA,NA,29,151,NA,NA,Similar,Similar,20160000,NA,NA
93106,"Children with excess weight Reception Year, three year average",E08000004,Oldham,E02001106,Oldham 009,MSOA,Persons,4-5 yrs,NA,NA,2016/17 - 18/19,27.2727272727273,21.0522299796944,34.5274004476591,NA,NA,45,165,NA,NA,Similar,Similar,20160000,NA,NA
93106,"Children with excess weight Reception Year, three year average",E08000004,Oldham,E02001107,Oldham 010,MSOA,Persons,4-5 yrs,NA,NA,2016/17 - 18/19,20.5992509363296,16.181769714679,25.8507386451511,NA,NA,55,267,NA,NA,Similar,Similar,20160000,NA,NA
93106,"Children with excess weight Reception Year, three year average",E08000004,Oldham,E02001108,Oldham 011,MSOA,Persons,4-5 yrs,NA,NA,2016/17 - 18/19,21.1538461538462,16.987046103904,26.0223356688076,NA,NA,66,312,NA,NA,Similar,Similar,20160000,NA,NA
93106,"Children with excess weight Reception Year, three year average",E08000004,Oldham,E02001109,Oldham 012,MSOA,Persons,4-5 yrs,NA,NA,2016/17 - 18/19,23.1292517006803,18.6746053473753,28.2770377765865,NA,NA,68,294,NA,NA,Similar,Similar,20160000,NA,NA
93106,"Children with excess weight Reception Year, three year average",E08000004,Oldham,E02001110,Oldham 013,MSOA,Persons,4-5 yrs,NA,NA,2016/17 - 18/19,15.2046783625731,10.5922313246159,21.3461082416087,NA,NA,26,171,NA,NA,Better,Better,20160000,NA,NA
93106,"Children with excess weight Reception Year, three year average",E08000004,Oldham,E02001111,Oldham 014,MSOA,Persons,4-5 yrs,NA,NA,2016/17 - 18/19,25.1351351351351,20.985942036971,29.7953328434451,NA,NA,93,370,NA,NA,Similar,Similar,20160000,NA,NA
93106,"Children with excess weight Reception Year, three year average",E08000004,Oldham,E02001112,Oldham 015,MSOA,Persons,4-5 yrs,NA,NA,2016/17 - 18/19,20.4545454545455,15.1566618603484,27.0146257381968,NA,NA,36,176,NA,NA,Similar,Similar,20160000,NA,NA
93106,"Children with excess weight Reception Year, three year average",E08000004,Oldham,E02001113,Oldham 016,MSOA,Persons,4-5 yrs,NA,NA,2016/17 - 18/19,22.1218961625282,18.505617760349,26.2175060402304,NA,NA,98,443,NA,NA,Similar,Similar,20160000,NA,NA
93106,"Children with excess weight Reception Year, three year average",E08000004,Oldham,E02001114,Oldham 017,MSOA,Persons,4-5 yrs,NA,NA,2016/17 - 18/19,21.3649851632047,17.3243433108404,26.0510897518578,NA,NA,72,337,NA,NA,Similar,Similar,20160000,NA,NA
93106,"Children with excess weight Reception Year, three year average",E08000004,Oldham,E02001115,Oldham 018,MSOA,Persons,4-5 yrs,NA,NA,2016/17 - 18/19,22.7053140096618,17.5261003197802,28.8791272706347,NA,NA,47,207,NA,NA,Similar,Similar,20160000,NA,NA
93106,"Children with excess weight Reception Year, three year average",E08000004,Oldham,E02001116,Oldham 019,MSOA,Persons,4-5 yrs,NA,NA,2016/17 - 18/19,23.0352303523035,19.0300949705069,27.5960123756446,NA,NA,85,369,NA,NA,Similar,Similar,20160000,NA,NA
93106,"Children with excess weight Reception Year, three year average",E08000004,Oldham,E02001117,Oldham 020,MSOA,Persons,4-5 yrs,NA,NA,2016/17 - 18/19,19.5266272189349,14.2555462294528,26.1522698681582,NA,NA,33,169,NA,NA,Similar,Similar,20160000,NA,NA
93106,"Children with excess weight Reception Year, three year average",E08000004,Oldham,E02001118,Oldham 021,MSOA,Persons,4-5 yrs,NA,NA,2016/17 - 18/19,12.1951219512195,8.03481145270713,18.085945080713,NA,NA,20,164,NA,NA,Better,Better,20160000,NA,NA
93106,"Children with excess weight Reception Year, three year average",E08000004,Oldham,E02001119,Oldham 022,MSOA,Persons,4-5 yrs,NA,NA,2016/17 - 18/19,19.1452991452991,16.162374863215,22.5308005930453,NA,NA,112,585,NA,NA,Similar,Better,20160000,NA,NA
93106,"Children with excess weight Reception Year, three year average",E08000004,Oldham,E02001121,Oldham 024,MSOA,Persons,4-5 yrs,NA,NA,2016/17 - 18/19,22.8571428571429,18.9429941826855,27.3075932331034,NA,NA,88,385,NA,NA,Similar,Similar,20160000,NA,NA
93106,"Children with excess weight Reception Year, three year average",E08000004,Oldham,E02001123,Oldham 026,MSOA,Persons,4-5 yrs,NA,NA,2016/17 - 18/19,27.831715210356,23.1302143991922,33.0776358913532,NA,NA,86,309,NA,NA,Worse,Worse,20160000,NA,NA
93106,"Children with excess weight Reception Year, three year average",E08000004,Oldham,E02001124,Oldham 027,MSOA,Persons,4-5 yrs,NA,NA,2016/17 - 18/19,26.2008733624454,20.9317964602273,32.2552345126639,NA,NA,60,229,NA,NA,Similar,Similar,20160000,NA,NA
93106,"Children with excess weight Reception Year, three year average",E08000004,Oldham,E02001125,Oldham 028,MSOA,Persons,4-5 yrs,NA,NA,2016/17 - 18/19,26.0726072607261,21.4507252279276,31.2936006016754,NA,NA,79,303,NA,NA,Similar,Similar,20160000,NA,NA
93106,"Children with excess weight Reception Year, three year average",E08000004,Oldham,E02001126,Oldham 029,MSOA,Persons,4-5 yrs,NA,NA,2016/17 - 18/19,31.2348668280872,26.9553967261992,35.8602021735557,NA,NA,129,413,NA,NA,Worse,Worse,20160000,NA,NA
93106,"Children with excess weight Reception Year, three year average",E08000004,Oldham,E02001127,Oldham 030,MSOA,Persons,4-5 yrs,NA,NA,2016/17 - 18/19,26.6272189349112,22.1969060702431,31.5828371636296,NA,NA,90,338,NA,NA,Similar,Similar,20160000,NA,NA
93106,"Children with excess weight Reception Year, three year average",E08000004,Oldham,E02001128,Oldham 031,MSOA,Persons,4-5 yrs,NA,NA,2016/17 - 18/19,26.6409266409266,21.6269828599585,32.3376616284347,NA,NA,69,259,NA,NA,Similar,Similar,20160000,NA,NA
93106,"Children with excess weight Reception Year, three year average",E08000004,Oldham,E02001129,Oldham 032,MSOA,Persons,4-5 yrs,NA,NA,2016/17 - 18/19,22.1105527638191,16.9034011161204,28.3740581146768,NA,NA,44,199,NA,NA,Similar,Similar,20160000,NA,NA
93106,"Children with excess weight Reception Year, three year average",E08000004,Oldham,E02001130,Oldham 033,MSOA,Persons,4-5 yrs,NA,NA,2016/17 - 18/19,15.5038759689922,10.2662246061203,22.7366189412922,NA,NA,20,129,NA,NA,Similar,Better,20160000,NA,NA
93106,"Children with excess weight Reception Year, three year average",E08000004,Oldham,E02001131,Oldham 034,MSOA,Persons,4-5 yrs,NA,NA,2016/17 - 18/19,27.4111675126904,21.6590337248532,34.0274064540858,NA,NA,54,197,NA,NA,Similar,Similar,20160000,NA,NA
93106,"Children with excess weight Reception Year, three year average",E08000005,Rochdale,E02001132,Rochdale 001,MSOA,Persons,4-5 yrs,NA,NA,2016/17 - 18/19,21.9298245614035,17.0485182531714,27.7413391558112,NA,NA,50,228,NA,NA,Similar,Similar,20160000,NA,NA
93106,"Children with excess weight Reception Year, three year average",E08000005,Rochdale,E02001133,Rochdale 002,MSOA,Persons,4-5 yrs,NA,NA,2016/17 - 18/19,26.6409266409266,21.6269828599585,32.3376616284347,NA,NA,69,259,NA,NA,Similar,Similar,20160000,NA,NA
93106,"Children with excess weight Reception Year, three year average",E08000005,Rochdale,E02001134,Rochdale 003,MSOA,Persons,4-5 yrs,NA,NA,2016/17 - 18/19,21.2962962962963,16.3628510355775,27.2328653205734,NA,NA,46,216,NA,NA,Similar,Similar,20160000,NA,NA
93106,"Children with excess weight Reception Year, three year average",E08000005,Rochdale,E02001135,Rochdale 004,MSOA,Persons,4-5 yrs,NA,NA,2016/17 - 18/19,23.6781609195402,19.9245648242835,27.8925806625181,NA,NA,103,435,NA,NA,Similar,Similar,20160000,NA,NA
93106,"Children with excess weight Reception Year, three year average",E08000005,Rochdale,E02001136,Rochdale 005,MSOA,Persons,4-5 yrs,NA,NA,2016/17 - 18/19,21.7948717948718,17.5719033811318,26.7039365744084,NA,NA,68,312,NA,NA,Similar,Similar,20160000,NA,NA
93106,"Children with excess weight Reception Year, three year average",E08000005,Rochdale,E02001137,Rochdale 006,MSOA,Persons,4-5 yrs,NA,NA,2016/17 - 18/19,25.2941176470588,19.3551590526748,32.3249519117411,NA,NA,43,170,NA,NA,Similar,Similar,20160000,NA,NA
93106,"Children with excess weight Reception Year, three year average",E08000005,Rochdale,E02001138,Rochdale 007,MSOA,Persons,4-5 yrs,NA,NA,2016/17 - 18/19,17.2284644194757,13.1719954633252,22.2145584409441,NA,NA,46,267,NA,NA,Better,Better,20160000,NA,NA
93106,"Children with excess weight Reception Year, three year average",E08000005,Rochdale,E02001139,Rochdale 008,MSOA,Persons,4-5 yrs,NA,NA,2016/17 - 18/19,21.0810810810811,17.8922867944834,24.6674508675368,NA,NA,117,555,NA,NA,Similar,Similar,20160000,NA,NA
93106,"Children with excess weight Reception Year, three year average",E08000005,Rochdale,E02001140,Rochdale 009,MSOA,Persons,4-5 yrs,NA,NA,2016/17 - 18/19,23.5294117647059,19.5130089930442,28.0840597304382,NA,NA,88,374,NA,NA,Similar,Similar,20160000,NA,NA
93106,"Children with excess weight Reception Year, three year average",E08000005,Rochdale,E02001141,Rochdale 010,MSOA,Persons,4-5 yrs,NA,NA,2016/17 - 18/19,22.2222222222222,19.0406309737188,25.7662444370419,NA,NA,130,585,NA,NA,Similar,Similar,20160000,NA,NA
93106,"Children with excess weight Reception Year, three year average",E08000005,Rochdale,E02001142,Rochdale 011,MSOA,Persons,4-5 yrs,NA,NA,2016/17 - 18/19,23.8888888888889,18.2465952747065,30.6223918389778,NA,NA,43,180,NA,NA,Similar,Similar,20160000,NA,NA
93106,"Children with excess weight Reception Year, three year average",E08000005,Rochdale,E02001143,Rochdale 012,MSOA,Persons,4-5 yrs,NA,NA,2016/17 - 18/19,22.6860254083485,19.3852551725497,26.3650136267988,NA,NA,125,551,NA,NA,Similar,Similar,20160000,NA,NA
93106,"Children with excess weight Reception Year, three year average",E08000005,Rochdale,E02001144,Rochdale 013,MSOA,Persons,4-5 yrs,NA,NA,2016/17 - 18/19,20.2970297029703,15.3288739707624,26.3738322345359,NA,NA,41,202,NA,NA,Similar,Similar,20160000,NA,NA
93106,"Children with excess weight Reception Year, three year average",E08000005,Rochdale,E02001145,Rochdale 014,MSOA,Persons,4-5 yrs,NA,NA,2016/17 - 18/19,26.7857142857143,21.4136297119987,32.9405951343909,NA,NA,60,224,NA,NA,Similar,Similar,20160000,NA,NA
93106,"Children with excess weight Reception Year, three year average",E08000005,Rochdale,E02001146,Rochdale 015,MSOA,Persons,4-5 yrs,NA,NA,2016/17 - 18/19,19.1836734693878,15.9424019285543,22.9043687088921,NA,NA,94,490,NA,NA,Similar,Better,20160000,NA,NA
93106,"Children with excess weight Reception Year, three year average",E08000005,Rochdale,E02001147,Rochdale 016,MSOA,Persons,4-5 yrs,NA,NA,2016/17 - 18/19,20.9503239740821,17.4900810680661,24.8886441035304,NA,NA,97,463,NA,NA,Similar,Similar,20160000,NA,NA
93106,"Children with excess weight Reception Year, three year average",E08000005,Rochdale,E02001148,Rochdale 017,MSOA,Persons,4-5 yrs,NA,NA,2016/17 - 18/19,24.5478036175711,20.5239582366945,29.071972401161,NA,NA,95,387,NA,NA,Similar,Similar,20160000,NA,NA
93106,"Children with excess weight Reception Year, three year average",E08000005,Rochdale,E02001149,Rochdale 018,MSOA,Persons,4-5 yrs,NA,NA,2016/17 - 18/19,32.3671497584541,28.0401848209901,37.0183327296457,NA,NA,134,414,NA,NA,Worse,Worse,20160000,NA,NA
93106,"Children with excess weight Reception Year, three year average",E08000005,Rochdale,E02001150,Rochdale 019,MSOA,Persons,4-5 yrs,NA,NA,2016/17 - 18/19,30.1630434782609,25.6985019164213,35.0374524704178,NA,NA,111,368,NA,NA,Worse,Worse,20160000,NA,NA
93106,"Children with excess weight Reception Year, three year average",E08000005,Rochdale,E02001151,Rochdale 020,MSOA,Persons,4-5 yrs,NA,NA,2016/17 - 18/19,24.9382716049383,20.9732931196455,29.3742081867154,NA,NA,101,405,NA,NA,Similar,Similar,20160000,NA,NA
93106,"Children with excess weight Reception Year, three year average",E08000005,Rochdale,E02001152,Rochdale 021,MSOA,Persons,4-5 yrs,NA,NA,2016/17 - 18/19,27.1137026239067,22.6818911891688,32.0524705754771,NA,NA,93,343,NA,NA,Worse,Similar,20160000,NA,NA
93106,"Children with excess weight Reception Year, three year average",E08000005,Rochdale,E02001153,Rochdale 022,MSOA,Persons,4-5 yrs,NA,NA,2016/17 - 18/19,25.9896729776248,22.5894088795352,29.7053548052093,NA,NA,151,581,NA,NA,Worse,Similar,20160000,NA,NA
93106,"Children with excess weight Reception Year, three year average",E08000005,Rochdale,E02001154,Rochdale 023,MSOA,Persons,4-5 yrs,NA,NA,2016/17 - 18/19,27.7929155313352,23.4577203292713,32.5881865878374,NA,NA,102,367,NA,NA,Worse,Similar,20160000,NA,NA
93106,"Children with excess weight Reception Year, three year average",E08000005,Rochdale,E02001155,Rochdale 024,MSOA,Persons,4-5 yrs,NA,NA,2016/17 - 18/19,24.8927038626609,19.7781334357184,30.821731730381,NA,NA,58,233,NA,NA,Similar,Similar,20160000,NA,NA
93106,"Children with excess weight Reception Year, three year average",E08000005,Rochdale,E02001156,Rochdale 025,MSOA,Persons,4-5 yrs,NA,NA,2016/17 - 18/19,22.1574344023324,18.0842421020194,26.8473699810849,NA,NA,76,343,NA,NA,Similar,Similar,20160000,NA,NA
93106,"Children with excess weight Reception Year, three year average",E08000006,Salford,E02001157,Salford 001,MSOA,Persons,4-5 yrs,NA,NA,2016/17 - 18/19,26.25250501002,22.5838043137755,30.2840438235216,NA,NA,131,499,NA,NA,Worse,Similar,20160000,NA,NA
93106,"Children with excess weight Reception Year, three year average",E08000006,Salford,E02001158,Salford 002,MSOA,Persons,4-5 yrs,NA,NA,2016/17 - 18/19,29.8850574712644,24.6561116037161,35.6975277141037,NA,NA,78,261,NA,NA,Worse,Worse,20160000,NA,NA
93106,"Children with excess weight Reception Year, three year average",E08000006,Salford,E02001159,Salford 003,MSOA,Persons,4-5 yrs,NA,NA,2016/17 - 18/19,25.7425742574257,21.1448383232689,30.9476851039838,NA,NA,78,303,NA,NA,Similar,Similar,20160000,NA,NA
93106,"Children with excess weight Reception Year, three year average",E08000006,Salford,E02001160,Salford 004,MSOA,Persons,4-5 yrs,NA,NA,2016/17 - 18/19,29.9741602067183,25.6246904488039,34.7172854337728,NA,NA,116,387,NA,NA,Worse,Worse,20160000,NA,NA
93106,"Children with excess weight Reception Year, three year average",E08000006,Salford,E02001161,Salford 005,MSOA,Persons,4-5 yrs,NA,NA,2016/17 - 18/19,19.7674418604651,14.5047284876212,26.3510852109849,NA,NA,34,172,NA,NA,Similar,Similar,20160000,NA,NA
93106,"Children with excess weight Reception Year, three year average",E08000006,Salford,E02001162,Salford 006,MSOA,Persons,4-5 yrs,NA,NA,2016/17 - 18/19,19.5121951219512,14.6690699873853,25.4769140974501,NA,NA,40,205,NA,NA,Similar,Similar,20160000,NA,NA
93106,"Children with excess weight Reception Year, three year average",E08000006,Salford,E02001163,Salford 007,MSOA,Persons,4-5 yrs,NA,NA,2016/17 - 18/19,22,17.6827445969833,27.0252617915913,NA,NA,66,300,NA,NA,Similar,Similar,20160000,NA,NA
93106,"Children with excess weight Reception Year, three year average",E08000006,Salford,E02001164,Salford 008,MSOA,Persons,4-5 yrs,NA,NA,2016/17 - 18/19,26.056338028169,21.2950011170857,31.4567669717778,NA,NA,74,284,NA,NA,Similar,Similar,20160000,NA,NA
93106,"Children with excess weight Reception Year, three year average",E08000006,Salford,E02001165,Salford 009,MSOA,Persons,4-5 yrs,NA,NA,2016/17 - 18/19,27.4900398406374,22.3373592522116,33.3213469398972,NA,NA,69,251,NA,NA,Similar,Similar,20160000,NA,NA
93106,"Children with excess weight Reception Year, three year average",E08000006,Salford,E02001166,Salford 010,MSOA,Persons,4-5 yrs,NA,NA,2016/17 - 18/19,16.7664670658683,11.862396675614299,23.1650839100558,NA,NA,28,167,NA,NA,Similar,Better,20160000,NA,NA
93106,"Children with excess weight Reception Year, three year average",E08000006,Salford,E02001167,Salford 011,MSOA,Persons,4-5 yrs,NA,NA,2016/17 - 18/19,23.1003039513678,18.872194616378,27.9493339795076,NA,NA,76,329,NA,NA,Similar,Similar,20160000,NA,NA
93106,"Children with excess weight Reception Year, three year average",E08000006,Salford,E02001168,Salford 012,MSOA,Persons,4-5 yrs,NA,NA,2016/17 - 18/19,25.1366120218579,20.9662458317408,29.823478884266,NA,NA,92,366,NA,NA,Similar,Similar,20160000,NA,NA
93106,"Children with excess weight Reception Year, three year average",E08000006,Salford,E02001169,Salford 013,MSOA,Persons,4-5 yrs,NA,NA,2016/17 - 18/19,13.8888888888889,10.6962651935129,17.8440389151149,NA,NA,50,360,NA,NA,Better,Better,20160000,NA,NA
93106,"Children with excess weight Reception Year, three year average",E08000006,Salford,E02001170,Salford 014,MSOA,Persons,4-5 yrs,NA,NA,2016/17 - 18/19,18.125,14.2904797279233,22.7157328975727,NA,NA,58,320,NA,NA,Similar,Better,20160000,NA,NA
93106,"Children with excess weight Reception Year, three year average",E08000006,Salford,E02001171,Salford 015,MSOA,Persons,4-5 yrs,NA,NA,2016/17 - 18/19,23.5602094240838,18.0999623608402,30.0630207068719,NA,NA,45,191,NA,NA,Similar,Similar,20160000,NA,NA
93106,"Children with excess weight Reception Year, three year average",E08000006,Salford,E02001172,Salford 016,MSOA,Persons,4-5 yrs,NA,NA,2016/17 - 18/19,27.4122807017544,23.5195412623117,31.6824101823653,NA,NA,125,456,NA,NA,Worse,Similar,20160000,NA,NA
93106,"Children with excess weight Reception Year, three year average",E08000006,Salford,E02001173,Salford 017,MSOA,Persons,4-5 yrs,NA,NA,2016/17 - 18/19,31.7901234567901,26.9583398532222,37.0486529095395,NA,NA,103,324,NA,NA,Worse,Worse,20160000,NA,NA
93106,"Children with excess weight Reception Year, three year average",E08000006,Salford,E02001174,Salford 018,MSOA,Persons,4-5 yrs,NA,NA,2016/17 - 18/19,24.4047619047619,18.5295209698406,31.4243489575931,NA,NA,41,168,NA,NA,Similar,Similar,20160000,NA,NA
93106,"Children with excess weight Reception Year, three year average",E08000006,Salford,E02001175,Salford 019,MSOA,Persons,4-5 yrs,NA,NA,2016/17 - 18/19,23.2638888888889,18.755578065285,28.4760453571374,NA,NA,67,288,NA,NA,Similar,Similar,20160000,NA,NA
93106,"Children with excess weight Reception Year, three year average",E08000006,Salford,E02001176,Salford 020,MSOA,Persons,4-5 yrs,NA,NA,2016/17 - 18/19,22.9411764705882,18.789069689248,27.6978953698573,NA,NA,78,340,NA,NA,Similar,Similar,20160000,NA,NA
93106,"Children with excess weight Reception Year, three year average",E08000006,Salford,E02001177,Salford 021,MSOA,Persons,4-5 yrs,NA,NA,2016/17 - 18/19,28.0542986425339,24.0688725985806,32.4179017554344,NA,NA,124,442,NA,NA,Worse,Similar,20160000,NA,NA
93106,"Children with excess weight Reception Year, three year average",E08000006,Salford,E02001178,Salford 022,MSOA,Persons,4-5 yrs,NA,NA,2016/17 - 18/19,23.4513274336283,18.3995548310454,29.3905433454479,NA,NA,53,226,NA,NA,Similar,Similar,20160000,NA,NA
93106,"Children with excess weight Reception Year, three year average",E08000006,Salford,E02001179,Salford 023,MSOA,Persons,4-5 yrs,NA,NA,2016/17 - 18/19,29.2181069958848,23.8591382414226,35.223910253536,NA,NA,71,243,NA,NA,Worse,Similar,20160000,NA,NA
93106,"Children with excess weight Reception Year, three year average",E08000006,Salford,E02001180,Salford 024,MSOA,Persons,4-5 yrs,NA,NA,2016/17 - 18/19,30.5418719211823,24.6160486928389,37.1904477173014,NA,NA,62,203,NA,NA,Worse,Worse,20160000,NA,NA
93106,"Children with excess weight Reception Year, three year average",E08000006,Salford,E02001181,Salford 025,MSOA,Persons,4-5 yrs,NA,NA,2016/17 - 18/19,28.1481481481481,23.1193678811588,33.7900057001205,NA,NA,76,270,NA,NA,Worse,Similar,20160000,NA,NA
93106,"Children with excess weight Reception Year, three year average",E08000006,Salford,E02001182,Salford 026,MSOA,Persons,4-5 yrs,NA,NA,2016/17 - 18/19,21.3483146067416,16.8577294135321,26.6516577142004,NA,NA,57,267,NA,NA,Similar,Similar,20160000,NA,NA
93106,"Children with excess weight Reception Year, three year average",E08000006,Salford,E02001183,Salford 027,MSOA,Persons,4-5 yrs,NA,NA,2016/17 - 18/19,23.5087719298246,18.9580774887184,28.7641087180279,NA,NA,67,285,NA,NA,Similar,Similar,20160000,NA,NA
93106,"Children with excess weight Reception Year, three year average",E08000006,Salford,E02001184,Salford 028,MSOA,Persons,4-5 yrs,NA,NA,2016/17 - 18/19,23.1707317073171,18.9311170587009,28.0315076159034,NA,NA,76,328,NA,NA,Similar,Similar,20160000,NA,NA
93106,"Children with excess weight Reception Year, three year average",E08000006,Salford,E02001185,Salford 029,MSOA,Persons,4-5 yrs,NA,NA,2016/17 - 18/19,22.3350253807107,18.5008468408633,26.7034562385068,NA,NA,88,394,NA,NA,Similar,Similar,20160000,NA,NA
93106,"Children with excess weight Reception Year, three year average",E08000006,Salford,E02001186,Salford 030,MSOA,Persons,4-5 yrs,NA,NA,2016/17 - 18/19,24.7747747747748,20.9870252295366,28.9952741784142,NA,NA,110,444,NA,NA,Similar,Similar,20160000,NA,NA
93106,"Children with excess weight Reception Year, three year average",E08000007,Stockport,E02001187,Stockport 001,MSOA,Persons,4-5 yrs,NA,NA,2016/17 - 18/19,28.3261802575107,22.9285263626312,34.4269127978478,NA,NA,66,233,NA,NA,Worse,Worse,20160000,NA,NA
93106,"Children with excess weight Reception Year, three year average",E08000007,Stockport,E02001188,Stockport 002,MSOA,Persons,4-5 yrs,NA,NA,2016/17 - 18/19,30.5177111716621,26.0284823099981,35.41056486268,NA,NA,112,367,NA,NA,Worse,Worse,20160000,NA,NA
93106,"Children with excess weight Reception Year, three year average",E08000007,Stockport,E02001189,Stockport 003,MSOA,Persons,4-5 yrs,NA,NA,2016/17 - 18/19,24.1157556270096,19.6957443609885,29.1674070794031,NA,NA,75,311,NA,NA,Similar,Similar,20160000,NA,NA
93106,"Children with excess weight Reception Year, three year average",E08000007,Stockport,E02001190,Stockport 004,MSOA,Persons,4-5 yrs,NA,NA,2016/17 - 18/19,25.6281407035176,21.5861915843178,30.1360621200804,NA,NA,102,398,NA,NA,Similar,Similar,20160000,NA,NA
93106,"Children with excess weight Reception Year, three year average",E08000007,Stockport,E02001191,Stockport 005,MSOA,Persons,4-5 yrs,NA,NA,2016/17 - 18/19,23.1182795698925,17.6405071613499,29.6839599907645,NA,NA,43,186,NA,NA,Similar,Similar,20160000,NA,NA
93106,"Children with excess weight Reception Year, three year average",E08000007,Stockport,E02001192,Stockport 006,MSOA,Persons,4-5 yrs,NA,NA,2016/17 - 18/19,18.8405797101449,14.0996400973307,24.7169471519041,NA,NA,39,207,NA,NA,Similar,Similar,20160000,NA,NA
93106,"Children with excess weight Reception Year, three year average",E08000007,Stockport,E02001193,Stockport 007,MSOA,Persons,4-5 yrs,NA,NA,2016/17 - 18/19,24.2290748898678,19.1140466312097,30.2018169065963,NA,NA,55,227,NA,NA,Similar,Similar,20160000,NA,NA
93106,"Children with excess weight Reception Year, three year average",E08000007,Stockport,E02001194,Stockport 008,MSOA,Persons,4-5 yrs,NA,NA,2016/17 - 18/19,21.7391304347826,16.8963911151023,27.5103874537563,NA,NA,50,230,NA,NA,Similar,Similar,20160000,NA,NA
93106,"Children with excess weight Reception Year, three year average",E08000007,Stockport,E02001195,Stockport 009,MSOA,Persons,4-5 yrs,NA,NA,2016/17 - 18/19,22.9838709677419,18.1834334485811,28.6084884901314,NA,NA,57,248,NA,NA,Similar,Similar,20160000,NA,NA
93106,"Children with excess weight Reception Year, three year average",E08000007,Stockport,E02001196,Stockport 010,MSOA,Persons,4-5 yrs,NA,NA,2016/17 - 18/19,24.5901639344262,19.6084371676254,30.3595784379839,NA,NA,60,244,NA,NA,Similar,Similar,20160000,NA,NA
93106,"Children with excess weight Reception Year, three year average",E08000007,Stockport,E02001197,Stockport 011,MSOA,Persons,4-5 yrs,NA,NA,2016/17 - 18/19,17.8988326848249,13.6955563078021,23.0476283278033,NA,NA,46,257,NA,NA,Similar,Similar,20160000,NA,NA
93106,"Children with excess weight Reception Year, three year average",E08000007,Stockport,E02001198,Stockport 012,MSOA,Persons,4-5 yrs,NA,NA,2016/17 - 18/19,25.1082251082251,19.9543946651472,31.0763983739112,NA,NA,58,231,NA,NA,Similar,Similar,20160000,NA,NA
93106,"Children with excess weight Reception Year, three year average",E08000007,Stockport,E02001199,Stockport 013,MSOA,Persons,4-5 yrs,NA,NA,2016/17 - 18/19,15.5234657039711,11.733617359176,20.2564809681704,NA,NA,43,277,NA,NA,Better,Better,20160000,NA,NA
93106,"Children with excess weight Reception Year, three year average",E08000007,Stockport,E02001200,Stockport 014,MSOA,Persons,4-5 yrs,NA,NA,2016/17 - 18/19,31.5789473684211,26.2888958218622,37.3934825538344,NA,NA,84,266,NA,NA,Worse,Worse,20160000,NA,NA
93106,"Children with excess weight Reception Year, three year average",E08000007,Stockport,E02001201,Stockport 015,MSOA,Persons,4-5 yrs,NA,NA,2016/17 - 18/19,24.0566037735849,18.7974653726642,30.239202280986,NA,NA,51,212,NA,NA,Similar,Similar,20160000,NA,NA
93106,"Children with excess weight Reception Year, three year average",E08000007,Stockport,E02001202,Stockport 016,MSOA,Persons,4-5 yrs,NA,NA,2016/17 - 18/19,27.34375,22.2488539181142,33.1085395761831,NA,NA,70,256,NA,NA,Similar,Similar,20160000,NA,NA
93106,"Children with excess weight Reception Year, three year average",E08000007,Stockport,E02001203,Stockport 017,MSOA,Persons,4-5 yrs,NA,NA,2016/17 - 18/19,16.6666666666667,12.0602042291245,22.5808055086591,NA,NA,32,192,NA,NA,Similar,Better,20160000,NA,NA
93106,"Children with excess weight Reception Year, three year average",E08000007,Stockport,E02001204,Stockport 018,MSOA,Persons,4-5 yrs,NA,NA,2016/17 - 18/19,26.5027322404372,22.242158262817,31.25142773253,NA,NA,97,366,NA,NA,Similar,Similar,20160000,NA,NA
93106,"Children with excess weight Reception Year, three year average",E08000007,Stockport,E02001205,Stockport 019,MSOA,Persons,4-5 yrs,NA,NA,2016/17 - 18/19,24.5487364620939,19.8513992257577,29.9423382829117,NA,NA,68,277,NA,NA,Similar,Similar,20160000,NA,NA
93106,"Children with excess weight Reception Year, three year average",E08000007,Stockport,E02001206,Stockport 020,MSOA,Persons,4-5 yrs,NA,NA,2016/17 - 18/19,21.2669683257919,16.3867834279246,27.128971777489,NA,NA,47,221,NA,NA,Similar,Similar,20160000,NA,NA
93106,"Children with excess weight Reception Year, three year average",E08000007,Stockport,E02001207,Stockport 021,MSOA,Persons,4-5 yrs,NA,NA,2016/17 - 18/19,26.9565217391304,21.6351366920868,33.0350058332902,NA,NA,62,230,NA,NA,Similar,Similar,20160000,NA,NA
93106,"Children with excess weight Reception Year, three year average",E08000007,Stockport,E02001208,Stockport 022,MSOA,Persons,4-5 yrs,NA,NA,2016/17 - 18/19,23.7226277372263,19.0709345700244,29.1009471170312,NA,NA,65,274,NA,NA,Similar,Similar,20160000,NA,NA
93106,"Children with excess weight Reception Year, three year average",E08000007,Stockport,E02001209,Stockport 023,MSOA,Persons,4-5 yrs,NA,NA,2016/17 - 18/19,21.1895910780669,16.7293580854695,26.4610937359075,NA,NA,57,269,NA,NA,Similar,Similar,20160000,NA,NA
93106,"Children with excess weight Reception Year, three year average",E08000007,Stockport,E02001210,Stockport 024,MSOA,Persons,4-5 yrs,NA,NA,2016/17 - 18/19,28.673835125448,23.685123296997,34.2418367405555,NA,NA,80,279,NA,NA,Worse,Worse,20160000,NA,NA
93106,"Children with excess weight Reception Year, three year average",E08000007,Stockport,E02001211,Stockport 025,MSOA,Persons,4-5 yrs,NA,NA,2016/17 - 18/19,17.7777777777778,13.3357116655355,23.3016438437155,NA,NA,40,225,NA,NA,Similar,Similar,20160000,NA,NA
93106,"Children with excess weight Reception Year, three year average",E08000007,Stockport,E02001212,Stockport 026,MSOA,Persons,4-5 yrs,NA,NA,2016/17 - 18/19,26.4957264957265,22.151418050605,31.3489422093339,NA,NA,93,351,NA,NA,Similar,Similar,20160000,NA,NA
93106,"Children with excess weight Reception Year, three year average",E08000007,Stockport,E02001213,Stockport 027,MSOA,Persons,4-5 yrs,NA,NA,2016/17 - 18/19,25.6227758007117,20.8712174750529,31.0318514927827,NA,NA,72,281,NA,NA,Similar,Similar,20160000,NA,NA
93106,"Children with excess weight Reception Year, three year average",E08000007,Stockport,E02001214,Stockport 028,MSOA,Persons,4-5 yrs,NA,NA,2016/17 - 18/19,20.0873362445415,15.4110289803983,25.7506521506667,NA,NA,46,229,NA,NA,Similar,Similar,20160000,NA,NA
93106,"Children with excess weight Reception Year, three year average",E08000007,Stockport,E02001215,Stockport 029,MSOA,Persons,4-5 yrs,NA,NA,2016/17 - 18/19,27.7227722772277,22.0093384370505,34.2676912169232,NA,NA,56,202,NA,NA,Similar,Similar,20160000,NA,NA
93106,"Children with excess weight Reception Year, three year average",E08000007,Stockport,E02001216,Stockport 030,MSOA,Persons,4-5 yrs,NA,NA,2016/17 - 18/19,18.9393939393939,14.671352438758,24.0983956345642,NA,NA,50,264,NA,NA,Similar,Similar,20160000,NA,NA
93106,"Children with excess weight Reception Year, three year average",E08000007,Stockport,E02001217,Stockport 031,MSOA,Persons,4-5 yrs,NA,NA,2016/17 - 18/19,25.6,20.5878182225342,31.3506867928435,NA,NA,64,250,NA,NA,Similar,Similar,20160000,NA,NA
93106,"Children with excess weight Reception Year, three year average",E08000007,Stockport,E02001218,Stockport 032,MSOA,Persons,4-5 yrs,NA,NA,2016/17 - 18/19,18.75,13.6741138202094,25.1609019090211,NA,NA,33,176,NA,NA,Similar,Similar,20160000,NA,NA
93106,"Children with excess weight Reception Year, three year average",E08000007,Stockport,E02001219,Stockport 033,MSOA,Persons,4-5 yrs,NA,NA,2016/17 - 18/19,24.5398773006135,18.5701583246105,31.682014854239,NA,NA,40,163,NA,NA,Similar,Similar,20160000,NA,NA
93106,"Children with excess weight Reception Year, three year average",E08000007,Stockport,E02001220,Stockport 034,MSOA,Persons,4-5 yrs,NA,NA,2016/17 - 18/19,17.7339901477833,13.093590798449,23.57287793229,NA,NA,36,203,NA,NA,Similar,Similar,20160000,NA,NA
93106,"Children with excess weight Reception Year, three year average",E08000007,Stockport,E02001221,Stockport 035,MSOA,Persons,4-5 yrs,NA,NA,2016/17 - 18/19,21.2765957446809,16.0319156969947,27.671598306752,NA,NA,40,188,NA,NA,Similar,Similar,20160000,NA,NA
93106,"Children with excess weight Reception Year, three year average",E08000007,Stockport,E02001222,Stockport 036,MSOA,Persons,4-5 yrs,NA,NA,2016/17 - 18/19,18.3098591549296,13.6931491657511,24.0493836809628,NA,NA,39,213,NA,NA,Similar,Similar,20160000,NA,NA
93106,"Children with excess weight Reception Year, three year average",E08000007,Stockport,E02001223,Stockport 037,MSOA,Persons,4-5 yrs,NA,NA,2016/17 - 18/19,14.9425287356322,10.4057269542013,20.9938461211609,NA,NA,26,174,NA,NA,Better,Better,20160000,NA,NA
93106,"Children with excess weight Reception Year, three year average",E08000007,Stockport,E02001224,Stockport 038,MSOA,Persons,4-5 yrs,NA,NA,2016/17 - 18/19,19.2307692307692,13.3788561807783,26.8489322004175,NA,NA,25,130,NA,NA,Similar,Similar,20160000,NA,NA
93106,"Children with excess weight Reception Year, three year average",E08000007,Stockport,E02001225,Stockport 039,MSOA,Persons,4-5 yrs,NA,NA,2016/17 - 18/19,16.0142348754448,12.1890362796256,20.756118266773,NA,NA,45,281,NA,NA,Better,Better,20160000,NA,NA
93106,"Children with excess weight Reception Year, three year average",E08000007,Stockport,E02001226,Stockport 040,MSOA,Persons,4-5 yrs,NA,NA,2016/17 - 18/19,21.2927756653992,16.7768432594857,26.6352484494471,NA,NA,56,263,NA,NA,Similar,Similar,20160000,NA,NA
93106,"Children with excess weight Reception Year, three year average",E08000007,Stockport,E02001227,Stockport 041,MSOA,Persons,4-5 yrs,NA,NA,2016/17 - 18/19,16.0975609756098,11.6979747600356,21.7443595423014,NA,NA,33,205,NA,NA,Better,Better,20160000,NA,NA
93106,"Children with excess weight Reception Year, three year average",E08000007,Stockport,E02001228,Stockport 042,MSOA,Persons,4-5 yrs,NA,NA,2016/17 - 18/19,17.8082191780822,12.4524581908092,24.8145700803958,NA,NA,26,146,NA,NA,Similar,Similar,20160000,NA,NA
93106,"Children with excess weight Reception Year, three year average",E08000008,Tameside,E02001229,Tameside 001,MSOA,Persons,4-5 yrs,NA,NA,2016/17 - 18/19,18.586387434555,15.0051517226808,22.7931344610931,NA,NA,71,382,NA,NA,Similar,Better,20160000,NA,NA
93106,"Children with excess weight Reception Year, three year average",E08000008,Tameside,E02001230,Tameside 002,MSOA,Persons,4-5 yrs,NA,NA,2016/17 - 18/19,20,14.9322376394464,26.2568141281367,NA,NA,38,190,NA,NA,Similar,Similar,20160000,NA,NA
93106,"Children with excess weight Reception Year, three year average",E08000008,Tameside,E02001231,Tameside 003,MSOA,Persons,4-5 yrs,NA,NA,2016/17 - 18/19,22.027972027972,17.6131561109217,27.1842511851196,NA,NA,63,286,NA,NA,Similar,Similar,20160000,NA,NA
93106,"Children with excess weight Reception Year, three year average",E08000008,Tameside,E02001232,Tameside 004,MSOA,Persons,4-5 yrs,NA,NA,2016/17 - 18/19,27.3239436619718,22.9496375358686,32.183751864254,NA,NA,97,355,NA,NA,Worse,Similar,20160000,NA,NA
93106,"Children with excess weight Reception Year, three year average",E08000008,Tameside,E02001233,Tameside 005,MSOA,Persons,4-5 yrs,NA,NA,2016/17 - 18/19,23.6593059936909,19.3136930539648,28.6356771384548,NA,NA,75,317,NA,NA,Similar,Similar,20160000,NA,NA
93106,"Children with excess weight Reception Year, three year average",E08000008,Tameside,E02001234,Tameside 006,MSOA,Persons,4-5 yrs,NA,NA,2016/17 - 18/19,22.2811671087533,18.3720750379605,26.7494459626194,NA,NA,84,377,NA,NA,Similar,Similar,20160000,NA,NA
93106,"Children with excess weight Reception Year, three year average",E08000008,Tameside,E02001235,Tameside 007,MSOA,Persons,4-5 yrs,NA,NA,2016/17 - 18/19,21.7228464419476,17.1966033641748,27.051223147509,NA,NA,58,267,NA,NA,Similar,Similar,20160000,NA,NA
93106,"Children with excess weight Reception Year, three year average",E08000008,Tameside,E02001236,Tameside 008,MSOA,Persons,4-5 yrs,NA,NA,2016/17 - 18/19,26.2172284644195,21.3057486446296,31.8033504744687,NA,NA,70,267,NA,NA,Similar,Similar,20160000,NA,NA
93106,"Children with excess weight Reception Year, three year average",E08000008,Tameside,E02001237,Tameside 009,MSOA,Persons,4-5 yrs,NA,NA,2016/17 - 18/19,24.7491638795987,20.1984726995069,29.9404545834304,NA,NA,74,299,NA,NA,Similar,Similar,20160000,NA,NA
93106,"Children with excess weight Reception Year, three year average",E08000008,Tameside,E02001238,Tameside 010,MSOA,Persons,4-5 yrs,NA,NA,2016/17 - 18/19,24.7967479674797,19.8156036672898,30.5529218026995,NA,NA,61,246,NA,NA,Similar,Similar,20160000,NA,NA
93106,"Children with excess weight Reception Year, three year average",E08000008,Tameside,E02001239,Tameside 011,MSOA,Persons,4-5 yrs,NA,NA,2016/17 - 18/19,27.1493212669683,23.2133773201853,31.4790372133767,NA,NA,120,442,NA,NA,Worse,Similar,20160000,NA,NA
93106,"Children with excess weight Reception Year, three year average",E08000008,Tameside,E02001240,Tameside 012,MSOA,Persons,4-5 yrs,NA,NA,2016/17 - 18/19,23.7354085603113,18.9445355444219,29.2998882483461,NA,NA,61,257,NA,NA,Similar,Similar,20160000,NA,NA
93106,"Children with excess weight Reception Year, three year average",E08000008,Tameside,E02001241,Tameside 013,MSOA,Persons,4-5 yrs,NA,NA,2016/17 - 18/19,26.1194029850746,22.5798128689698,29.9988570688222,NA,NA,140,536,NA,NA,Worse,Similar,20160000,NA,NA
93106,"Children with excess weight Reception Year, three year average",E08000008,Tameside,E02001242,Tameside 014,MSOA,Persons,4-5 yrs,NA,NA,2016/17 - 18/19,19.0697674418605,14.3795758239462,24.8458338782563,NA,NA,41,215,NA,NA,Similar,Similar,20160000,NA,NA
93106,"Children with excess weight Reception Year, three year average",E08000008,Tameside,E02001243,Tameside 015,MSOA,Persons,4-5 yrs,NA,NA,2016/17 - 18/19,20,15.2009065152095,25.8523104139945,NA,NA,43,215,NA,NA,Similar,Similar,20160000,NA,NA
93106,"Children with excess weight Reception Year, three year average",E08000008,Tameside,E02001244,Tameside 016,MSOA,Persons,4-5 yrs,NA,NA,2016/17 - 18/19,23.8372093023256,18.0851159378193,30.732415147513,NA,NA,41,172,NA,NA,Similar,Similar,20160000,NA,NA
93106,"Children with excess weight Reception Year, three year average",E08000008,Tameside,E02001245,Tameside 017,MSOA,Persons,4-5 yrs,NA,NA,2016/17 - 18/19,20.655737704918,16.4909943053073,25.5504658394839,NA,NA,63,305,NA,NA,Similar,Similar,20160000,NA,NA
93106,"Children with excess weight Reception Year, three year average",E08000008,Tameside,E02001246,Tameside 018,MSOA,Persons,4-5 yrs,NA,NA,2016/17 - 18/19,27.5,22.6010718855317,33.0079499523966,NA,NA,77,280,NA,NA,Worse,Similar,20160000,NA,NA
93106,"Children with excess weight Reception Year, three year average",E08000008,Tameside,E02001247,Tameside 019,MSOA,Persons,4-5 yrs,NA,NA,2016/17 - 18/19,29.6875,24.4245215294939,35.5510726378071,NA,NA,76,256,NA,NA,Worse,Worse,20160000,NA,NA
93106,"Children with excess weight Reception Year, three year average",E08000008,Tameside,E02001248,Tameside 020,MSOA,Persons,4-5 yrs,NA,NA,2016/17 - 18/19,21.0633946830266,17.6819211004809,24.8959617186345,NA,NA,103,489,NA,NA,Similar,Similar,20160000,NA,NA
93106,"Children with excess weight Reception Year, three year average",E08000008,Tameside,E02001249,Tameside 021,MSOA,Persons,4-5 yrs,NA,NA,2016/17 - 18/19,25.6809338521401,20.7252996347036,31.3528705437853,NA,NA,66,257,NA,NA,Similar,Similar,20160000,NA,NA
93106,"Children with excess weight Reception Year, three year average",E08000008,Tameside,E02001250,Tameside 022,MSOA,Persons,4-5 yrs,NA,NA,2016/17 - 18/19,17.5531914893617,12.7806277474807,23.6251936271221,NA,NA,33,188,NA,NA,Similar,Similar,20160000,NA,NA
93106,"Children with excess weight Reception Year, three year average",E08000008,Tameside,E02001251,Tameside 023,MSOA,Persons,4-5 yrs,NA,NA,2016/17 - 18/19,28.1437125748503,21.8739460553221,35.396379014533,NA,NA,47,167,NA,NA,Similar,Similar,20160000,NA,NA
93106,"Children with excess weight Reception Year, three year average",E08000008,Tameside,E02001252,Tameside 024,MSOA,Persons,4-5 yrs,NA,NA,2016/17 - 18/19,19.5833333333333,15.0585862100525,25.0664439197257,NA,NA,47,240,NA,NA,Similar,Similar,20160000,NA,NA
93106,"Children with excess weight Reception Year, three year average",E08000008,Tameside,E02001253,Tameside 025,MSOA,Persons,4-5 yrs,NA,NA,2016/17 - 18/19,25.8823529411765,19.8827206714089,32.9478638414733,NA,NA,44,170,NA,NA,Similar,Similar,20160000,NA,NA
93106,"Children with excess weight Reception Year, three year average",E08000008,Tameside,E02001254,Tameside 026,MSOA,Persons,4-5 yrs,NA,NA,2016/17 - 18/19,24.5810055865922,18.8512916766966,31.3788144562673,NA,NA,44,179,NA,NA,Similar,Similar,20160000,NA,NA
93106,"Children with excess weight Reception Year, three year average",E08000008,Tameside,E02001255,Tameside 027,MSOA,Persons,4-5 yrs,NA,NA,2016/17 - 18/19,23.3128834355828,19.0500745954996,28.1973088528653,NA,NA,76,326,NA,NA,Similar,Similar,20160000,NA,NA
93106,"Children with excess weight Reception Year, three year average",E08000008,Tameside,E02001256,Tameside 028,MSOA,Persons,4-5 yrs,NA,NA,2016/17 - 18/19,23.8900634249471,20.2673490367143,27.9334637426797,NA,NA,113,473,NA,NA,Similar,Similar,20160000,NA,NA
93106,"Children with excess weight Reception Year, three year average",E08000008,Tameside,E02001257,Tameside 029,MSOA,Persons,4-5 yrs,NA,NA,2016/17 - 18/19,23.9520958083832,19.6876466895239,28.8089053300585,NA,NA,80,334,NA,NA,Similar,Similar,20160000,NA,NA
93106,"Children with excess weight Reception Year, three year average",E08000008,Tameside,E02001258,Tameside 030,MSOA,Persons,4-5 yrs,NA,NA,2016/17 - 18/19,17.4311926605505,12.9711348178767,23.0191887425299,NA,NA,38,218,NA,NA,Similar,Better,20160000,NA,NA
93106,"Children with excess weight Reception Year, three year average",E08000009,Trafford,E02001259,Trafford 001,MSOA,Persons,4-5 yrs,NA,NA,2016/17 - 18/19,20.5069124423963,16.9749802373999,24.5563675044233,NA,NA,89,434,NA,NA,Similar,Similar,20160000,NA,NA
93106,"Children with excess weight Reception Year, three year average",E08000009,Trafford,E02001260,Trafford 002,MSOA,Persons,4-5 yrs,NA,NA,2016/17 - 18/19,19.4244604316547,15.2037166848097,24.4786846512715,NA,NA,54,278,NA,NA,Similar,Similar,20160000,NA,NA
93106,"Children with excess weight Reception Year, three year average",E08000009,Trafford,E02001261,Trafford 003,MSOA,Persons,4-5 yrs,NA,NA,2016/17 - 18/19,20.1238390092879,16.1142825882991,24.835681135281,NA,NA,65,323,NA,NA,Similar,Similar,20160000,NA,NA
93106,"Children with excess weight Reception Year, three year average",E08000009,Trafford,E02001262,Trafford 004,MSOA,Persons,4-5 yrs,NA,NA,2016/17 - 18/19,19.4267515923567,15.4311046714117,24.1614202583476,NA,NA,61,314,NA,NA,Similar,Similar,20160000,NA,NA
93106,"Children with excess weight Reception Year, three year average",E08000009,Trafford,E02001263,Trafford 005,MSOA,Persons,4-5 yrs,NA,NA,2016/17 - 18/19,17.1003717472119,13.0720551736013,22.0551059385518,NA,NA,46,269,NA,NA,Better,Similar,20160000,NA,NA
93106,"Children with excess weight Reception Year, three year average",E08000009,Trafford,E02001264,Trafford 006,MSOA,Persons,4-5 yrs,NA,NA,2016/17 - 18/19,24.4047619047619,20.1183112135676,29.2698533156018,NA,NA,82,336,NA,NA,Similar,Worse,20160000,NA,NA
93106,"Children with excess weight Reception Year, three year average",E08000009,Trafford,E02001265,Trafford 007,MSOA,Persons,4-5 yrs,NA,NA,2016/17 - 18/19,16.734693877551,12.581912824737,21.9145329152586,NA,NA,41,245,NA,NA,Better,Similar,20160000,NA,NA
93106,"Children with excess weight Reception Year, three year average",E08000009,Trafford,E02001266,Trafford 008,MSOA,Persons,4-5 yrs,NA,NA,2016/17 - 18/19,26.7206477732794,21.5895707506249,32.5647382935574,NA,NA,66,247,NA,NA,Similar,Worse,20160000,NA,NA
93106,"Children with excess weight Reception Year, three year average",E08000009,Trafford,E02001267,Trafford 009,MSOA,Persons,4-5 yrs,NA,NA,2016/17 - 18/19,22.0183486238532,17.0286529135386,27.9771180327263,NA,NA,48,218,NA,NA,Similar,Similar,20160000,NA,NA
93106,"Children with excess weight Reception Year, three year average",E08000009,Trafford,E02001268,Trafford 010,MSOA,Persons,4-5 yrs,NA,NA,2016/17 - 18/19,18.2648401826484,13.7095228269267,23.9142924471224,NA,NA,40,219,NA,NA,Similar,Similar,20160000,NA,NA
93106,"Children with excess weight Reception Year, three year average",E08000009,Trafford,E02001269,Trafford 011,MSOA,Persons,4-5 yrs,NA,NA,2016/17 - 18/19,16.25,12.6125346907904,20.688161030323,NA,NA,52,320,NA,NA,Better,Similar,20160000,NA,NA
93106,"Children with excess weight Reception Year, three year average",E08000009,Trafford,E02001270,Trafford 012,MSOA,Persons,4-5 yrs,NA,NA,2016/17 - 18/19,16.6666666666667,13.1731076098796,20.8640961826999,NA,NA,60,360,NA,NA,Better,Similar,20160000,NA,NA
93106,"Children with excess weight Reception Year, three year average",E08000009,Trafford,E02001271,Trafford 013,MSOA,Persons,4-5 yrs,NA,NA,2016/17 - 18/19,22.8571428571429,18.042061381821,28.510253240384,NA,NA,56,245,NA,NA,Similar,Similar,20160000,NA,NA
93106,"Children with excess weight Reception Year, three year average",E08000009,Trafford,E02001272,Trafford 014,MSOA,Persons,4-5 yrs,NA,NA,2016/17 - 18/19,22.8915662650602,18.6976112749723,27.7056706092629,NA,NA,76,332,NA,NA,Similar,Similar,20160000,NA,NA
93106,"Children with excess weight Reception Year, three year average",E08000009,Trafford,E02001273,Trafford 015,MSOA,Persons,4-5 yrs,NA,NA,2016/17 - 18/19,17.2701949860724,13.7120241764024,21.5213968434017,NA,NA,62,359,NA,NA,Better,Similar,20160000,NA,NA
93106,"Children with excess weight Reception Year, three year average",E08000009,Trafford,E02001274,Trafford 016,MSOA,Persons,4-5 yrs,NA,NA,2016/17 - 18/19,14.5,10.2893506420044,20.0486675307815,NA,NA,29,200,NA,NA,Better,Similar,20160000,NA,NA
93106,"Children with excess weight Reception Year, three year average",E08000009,Trafford,E02001275,Trafford 017,MSOA,Persons,4-5 yrs,NA,NA,2016/17 - 18/19,29.7814207650273,25.3261276604621,34.6567254053016,NA,NA,109,366,NA,NA,Worse,Worse,20160000,NA,NA
93106,"Children with excess weight Reception Year, three year average",E08000009,Trafford,E02001276,Trafford 018,MSOA,Persons,4-5 yrs,NA,NA,2016/17 - 18/19,24.4776119402985,20.1798631212219,29.3540573750629,NA,NA,82,335,NA,NA,Similar,Worse,20160000,NA,NA
93106,"Children with excess weight Reception Year, three year average",E08000009,Trafford,E02001277,Trafford 019,MSOA,Persons,4-5 yrs,NA,NA,2016/17 - 18/19,22.107969151671,18.2681052931153,26.4933257810305,NA,NA,86,389,NA,NA,Similar,Similar,20160000,NA,NA
93106,"Children with excess weight Reception Year, three year average",E08000009,Trafford,E02001278,Trafford 020,MSOA,Persons,4-5 yrs,NA,NA,2016/17 - 18/19,19.1780821917808,15.4684218201386,23.5297589376867,NA,NA,70,365,NA,NA,Similar,Similar,20160000,NA,NA
93106,"Children with excess weight Reception Year, three year average",E08000009,Trafford,E02001279,Trafford 021,MSOA,Persons,4-5 yrs,NA,NA,2016/17 - 18/19,18.475073313783,14.7150700884459,22.9374381873085,NA,NA,63,341,NA,NA,Similar,Similar,20160000,NA,NA
93106,"Children with excess weight Reception Year, three year average",E08000009,Trafford,E02001280,Trafford 022,MSOA,Persons,4-5 yrs,NA,NA,2016/17 - 18/19,23.2727272727273,18.667443669207,28.6144273188061,NA,NA,64,275,NA,NA,Similar,Similar,20160000,NA,NA
93106,"Children with excess weight Reception Year, three year average",E08000009,Trafford,E02001281,Trafford 023,MSOA,Persons,4-5 yrs,NA,NA,2016/17 - 18/19,16.6666666666667,12.6152739291029,21.696121686141,NA,NA,43,258,NA,NA,Better,Similar,20160000,NA,NA
93106,"Children with excess weight Reception Year, three year average",E08000009,Trafford,E02001282,Trafford 024,MSOA,Persons,4-5 yrs,NA,NA,2016/17 - 18/19,16.4251207729469,13.1679058600257,20.2996823528288,NA,NA,68,414,NA,NA,Better,Similar,20160000,NA,NA
93106,"Children with excess weight Reception Year, three year average",E08000009,Trafford,E02001283,Trafford 025,MSOA,Persons,4-5 yrs,NA,NA,2016/17 - 18/19,17.3431734317343,13.3001942936726,22.299041440455,NA,NA,47,271,NA,NA,Better,Similar,20160000,NA,NA
93106,"Children with excess weight Reception Year, three year average",E08000009,Trafford,E02001284,Trafford 026,MSOA,Persons,4-5 yrs,NA,NA,2016/17 - 18/19,13.8790035587189,10.3217475913763,18.4105370835919,NA,NA,39,281,NA,NA,Better,Better,20160000,NA,NA
93106,"Children with excess weight Reception Year, three year average",E08000009,Trafford,E02001285,Trafford 027,MSOA,Persons,4-5 yrs,NA,NA,2016/17 - 18/19,15.5,11.1396369276893,21.1606905923421,NA,NA,31,200,NA,NA,Better,Similar,20160000,NA,NA
93106,"Children with excess weight Reception Year, three year average",E08000009,Trafford,E02001286,Trafford 028,MSOA,Persons,4-5 yrs,NA,NA,2016/17 - 18/19,19.2307692307692,14.694432730937,24.7610344891157,NA,NA,45,234,NA,NA,Similar,Similar,20160000,NA,NA
93106,"Children with excess weight Reception Year, three year average",E08000010,Wigan,E02001287,Wigan 001,MSOA,Persons,4-5 yrs,NA,NA,2016/17 - 18/19,22.0858895705521,16.4013680928919,29.0558338260877,NA,NA,36,163,NA,NA,Similar,Similar,20160000,NA,NA
93106,"Children with excess weight Reception Year, three year average",E08000010,Wigan,E02001288,Wigan 002,MSOA,Persons,4-5 yrs,NA,NA,2016/17 - 18/19,20.3791469194313,15.4964432000099,26.3211181374764,NA,NA,43,211,NA,NA,Similar,Similar,20160000,NA,NA
93106,"Children with excess weight Reception Year, three year average",E08000010,Wigan,E02001289,Wigan 003,MSOA,Persons,4-5 yrs,NA,NA,2016/17 - 18/19,25.5555555555556,20.7210605621193,31.075865816939,NA,NA,69,270,NA,NA,Similar,Similar,20160000,NA,NA
93106,"Children with excess weight Reception Year, three year average",E08000010,Wigan,E02001290,Wigan 004,MSOA,Persons,4-5 yrs,NA,NA,2016/17 - 18/19,20.1342281879195,14.4833627207898,27.2863634472846,NA,NA,30,149,NA,NA,Similar,Similar,20160000,NA,NA
93106,"Children with excess weight Reception Year, three year average",E08000010,Wigan,E02001291,Wigan 005,MSOA,Persons,4-5 yrs,NA,NA,2016/17 - 18/19,21.7557251908397,17.1874596076606,27.1402608853932,NA,NA,57,262,NA,NA,Similar,Similar,20160000,NA,NA
93106,"Children with excess weight Reception Year, three year average",E08000010,Wigan,E02001292,Wigan 006,MSOA,Persons,4-5 yrs,NA,NA,2016/17 - 18/19,22.7848101265823,17.903816799825,28.5339764972002,NA,NA,54,237,NA,NA,Similar,Similar,20160000,NA,NA
93106,"Children with excess weight Reception Year, three year average",E08000010,Wigan,E02001293,Wigan 007,MSOA,Persons,4-5 yrs,NA,NA,2016/17 - 18/19,20.2380952380952,14.8595562079372,26.9472692890788,NA,NA,34,168,NA,NA,Similar,Similar,20160000,NA,NA
93106,"Children with excess weight Reception Year, three year average",E08000010,Wigan,E02001294,Wigan 008,MSOA,Persons,4-5 yrs,NA,NA,2016/17 - 18/19,20.5223880597015,16.119962551872,25.7579244027384,NA,NA,55,268,NA,NA,Similar,Similar,20160000,NA,NA
93106,"Children with excess weight Reception Year, three year average",E08000010,Wigan,E02001295,Wigan 009,MSOA,Persons,4-5 yrs,NA,NA,2016/17 - 18/19,31.7180616740088,26.0111877020068,38.0333992521633,NA,NA,72,227,NA,NA,Worse,Worse,20160000,NA,NA
93106,"Children with excess weight Reception Year, three year average",E08000010,Wigan,E02001296,Wigan 010,MSOA,Persons,4-5 yrs,NA,NA,2016/17 - 18/19,29.8,25.9573211878432,33.9507021668035,NA,NA,149,500,NA,NA,Worse,Worse,20160000,NA,NA
93106,"Children with excess weight Reception Year, three year average",E08000010,Wigan,E02001297,Wigan 011,MSOA,Persons,4-5 yrs,NA,NA,2016/17 - 18/19,25.1162790697674,19.7906447206889,31.3155119570229,NA,NA,54,215,NA,NA,Similar,Similar,20160000,NA,NA
93106,"Children with excess weight Reception Year, three year average",E08000010,Wigan,E02001298,Wigan 012,MSOA,Persons,4-5 yrs,NA,NA,2016/17 - 18/19,27.1137026239067,22.6818911891688,32.0524705754771,NA,NA,93,343,NA,NA,Worse,Similar,20160000,NA,NA
93106,"Children with excess weight Reception Year, three year average",E08000010,Wigan,E02001299,Wigan 013,MSOA,Persons,4-5 yrs,NA,NA,2016/17 - 18/19,21.0526315789474,16.7203399422783,26.1548966412524,NA,NA,60,285,NA,NA,Similar,Similar,20160000,NA,NA
93106,"Children with excess weight Reception Year, three year average",E08000010,Wigan,E02001300,Wigan 014,MSOA,Persons,4-5 yrs,NA,NA,2016/17 - 18/19,25.5972696245734,20.9385163250621,30.8876198999392,NA,NA,75,293,NA,NA,Similar,Similar,20160000,NA,NA
93106,"Children with excess weight Reception Year, three year average",E08000010,Wigan,E02001301,Wigan 015,MSOA,Persons,4-5 yrs,NA,NA,2016/17 - 18/19,24.8466257668712,20.4669713590126,29.8121716612854,NA,NA,81,326,NA,NA,Similar,Similar,20160000,NA,NA
93106,"Children with excess weight Reception Year, three year average",E08000010,Wigan,E02001302,Wigan 016,MSOA,Persons,4-5 yrs,NA,NA,2016/17 - 18/19,26.9662921348315,21.9976846069892,32.5882932800115,NA,NA,72,267,NA,NA,Similar,Similar,20160000,NA,NA
93106,"Children with excess weight Reception Year, three year average",E08000010,Wigan,E02001303,Wigan 017,MSOA,Persons,4-5 yrs,NA,NA,2016/17 - 18/19,27.10027100271,22.8183924935534,31.8540303280526,NA,NA,100,369,NA,NA,Worse,Similar,20160000,NA,NA
93106,"Children with excess weight Reception Year, three year average",E08000010,Wigan,E02001304,Wigan 018,MSOA,Persons,4-5 yrs,NA,NA,2016/17 - 18/19,24.8780487804878,20.9396453362034,29.2828382721259,NA,NA,102,410,NA,NA,Similar,Similar,20160000,NA,NA
93106,"Children with excess weight Reception Year, three year average",E08000010,Wigan,E02001305,Wigan 019,MSOA,Persons,4-5 yrs,NA,NA,2016/17 - 18/19,18.650793650793702,14.3253858122384,23.9176179885123,NA,NA,47,252,NA,NA,Similar,Better,20160000,NA,NA
93106,"Children with excess weight Reception Year, three year average",E08000010,Wigan,E02001306,Wigan 020,MSOA,Persons,4-5 yrs,NA,NA,2016/17 - 18/19,25.8928571428571,20.5969080253428,32.0017100843694,NA,NA,58,224,NA,NA,Similar,Similar,20160000,NA,NA
93106,"Children with excess weight Reception Year, three year average",E08000010,Wigan,E02001307,Wigan 021,MSOA,Persons,4-5 yrs,NA,NA,2016/17 - 18/19,22.3476297968397,18.7155820657798,26.4551277769001,NA,NA,99,443,NA,NA,Similar,Similar,20160000,NA,NA
93106,"Children with excess weight Reception Year, three year average",E08000010,Wigan,E02001308,Wigan 022,MSOA,Persons,4-5 yrs,NA,NA,2016/17 - 18/19,22.5641025641026,17.2600323840608,28.9282521745997,NA,NA,44,195,NA,NA,Similar,Similar,20160000,NA,NA
93106,"Children with excess weight Reception Year, three year average",E08000010,Wigan,E02001309,Wigan 023,MSOA,Persons,4-5 yrs,NA,NA,2016/17 - 18/19,28.3088235294118,23.2859948404357,33.9358091246079,NA,NA,77,272,NA,NA,Worse,Similar,20160000,NA,NA
93106,"Children with excess weight Reception Year, three year average",E08000010,Wigan,E02001310,Wigan 024,MSOA,Persons,4-5 yrs,NA,NA,2016/17 - 18/19,27.8350515463918,23.6093909988596,32.495304885629,NA,NA,108,388,NA,NA,Worse,Similar,20160000,NA,NA
93106,"Children with excess weight Reception Year, three year average",E08000010,Wigan,E02001311,Wigan 025,MSOA,Persons,4-5 yrs,NA,NA,2016/17 - 18/19,27.1812080536913,22.4442503069396,32.4989836240925,NA,NA,81,298,NA,NA,Similar,Similar,20160000,NA,NA
93106,"Children with excess weight Reception Year, three year average",E08000010,Wigan,E02001312,Wigan 026,MSOA,Persons,4-5 yrs,NA,NA,2016/17 - 18/19,28.9719626168224,24.2813109468467,34.1599543737486,NA,NA,93,321,NA,NA,Worse,Similar,20160000,NA,NA
93106,"Children with excess weight Reception Year, three year average",E08000010,Wigan,E02001313,Wigan 027,MSOA,Persons,4-5 yrs,NA,NA,2016/17 - 18/19,29.073482428115,24.3206530247176,34.333747669058,NA,NA,91,313,NA,NA,Worse,Similar,20160000,NA,NA
93106,"Children with excess weight Reception Year, three year average",E08000010,Wigan,E02001314,Wigan 028,MSOA,Persons,4-5 yrs,NA,NA,2016/17 - 18/19,23.8255033557047,19.3410808051214,28.9761581157685,NA,NA,71,298,NA,NA,Similar,Similar,20160000,NA,NA
93106,"Children with excess weight Reception Year, three year average",E08000010,Wigan,E02001315,Wigan 029,MSOA,Persons,4-5 yrs,NA,NA,2016/17 - 18/19,26.3888888888889,21.6335565167603,31.7657992329114,NA,NA,76,288,NA,NA,Similar,Similar,20160000,NA,NA
93106,"Children with excess weight Reception Year, three year average",E08000010,Wigan,E02001316,Wigan 030,MSOA,Persons,4-5 yrs,NA,NA,2016/17 - 18/19,25,20.3202026334812,30.3470846357734,NA,NA,71,284,NA,NA,Similar,Similar,20160000,NA,NA
93106,"Children with excess weight Reception Year, three year average",E08000010,Wigan,E02001317,Wigan 031,MSOA,Persons,4-5 yrs,NA,NA,2016/17 - 18/19,23.5772357723577,18.7043574377194,29.2626450711403,NA,NA,58,246,NA,NA,Similar,Similar,20160000,NA,NA
93106,"Children with excess weight Reception Year, three year average",E08000010,Wigan,E02001318,Wigan 032,MSOA,Persons,4-5 yrs,NA,NA,2016/17 - 18/19,23.5294117647059,18.4187492651954,29.5445842705006,NA,NA,52,221,NA,NA,Similar,Similar,20160000,NA,NA
93106,"Children with excess weight Reception Year, three year average",E08000010,Wigan,E02001319,Wigan 033,MSOA,Persons,4-5 yrs,NA,NA,2016/17 - 18/19,30.1754385964912,25.1389572824825,35.7392350444203,NA,NA,86,285,NA,NA,Worse,Similar,20160000,NA,NA
93106,"Children with excess weight Reception Year, three year average",E08000010,Wigan,E02001320,Wigan 034,MSOA,Persons,4-5 yrs,NA,NA,2016/17 - 18/19,30.7692307692308,25.4730983362107,36.6253525869402,NA,NA,80,260,NA,NA,Worse,Similar,20160000,NA,NA
93106,"Children with excess weight Reception Year, three year average",E08000010,Wigan,E02001321,Wigan 035,MSOA,Persons,4-5 yrs,NA,NA,2016/17 - 18/19,33.7254901960784,28.2024736690702,39.7315658089347,NA,NA,86,255,NA,NA,Worse,Worse,20160000,NA,NA
93106,"Children with excess weight Reception Year, three year average",E08000010,Wigan,E02001322,Wigan 036,MSOA,Persons,4-5 yrs,NA,NA,2016/17 - 18/19,23.6286919831224,18.6678831371411,29.4307537785811,NA,NA,56,237,NA,NA,Similar,Similar,20160000,NA,NA
93106,"Children with excess weight Reception Year, three year average",E08000010,Wigan,E02001323,Wigan 037,MSOA,Persons,4-5 yrs,NA,NA,2016/17 - 18/19,23.2931726907631,18.4729469146231,28.9249202625637,NA,NA,58,249,NA,NA,Similar,Similar,20160000,NA,NA
93106,"Children with excess weight Reception Year, three year average",E08000010,Wigan,E02001324,Wigan 038,MSOA,Persons,4-5 yrs,NA,NA,2016/17 - 18/19,28.8025889967638,24.0380948496846,34.0876598076983,NA,NA,89,309,NA,NA,Worse,Similar,20160000,NA,NA
93106,"Children with excess weight Reception Year, three year average",E08000010,Wigan,E02001325,Wigan 039,MSOA,Persons,4-5 yrs,NA,NA,2016/17 - 18/19,19.0954773869347,14.2401272700427,25.1213816073272,NA,NA,38,199,NA,NA,Similar,Better,20160000,NA,NA
93106,"Children with excess weight Reception Year, three year average",E08000010,Wigan,E02001326,Wigan 040,MSOA,Persons,4-5 yrs,NA,NA,2016/17 - 18/19,25.3588516746411,19.9418332959101,31.6653392114109,NA,NA,53,209,NA,NA,Similar,Similar,20160000,NA,NA
93106,"Children with excess weight Reception Year, three year average",E08000004,Oldham,E02006860,Oldham 035,MSOA,Persons,4-5 yrs,NA,NA,2016/17 - 18/19,22.3300970873786,19.4414114716288,25.5120683349531,NA,NA,161,721,NA,NA,Similar,Similar,20160000,NA,NA
93106,"Children with excess weight Reception Year, three year average",E08000003,Manchester,E02006902,Manchester 054,MSOA,Persons,4-5 yrs,NA,NA,2016/17 - 18/19,NA,NA,NA,NA,NA,NA,NA,Value suppressed for disclosure control reasons,NA,Not compared,Not compared,20160000,NA,NA
93106,"Children with excess weight Reception Year, three year average",E08000003,Manchester,E02006912,Manchester 055,MSOA,Persons,4-5 yrs,NA,NA,2016/17 - 18/19,NA,NA,NA,NA,NA,NA,NA,Value suppressed for disclosure control reasons,NA,Not compared,Not compared,20160000,NA,NA
93106,"Children with excess weight Reception Year, three year average",E08000003,Manchester,E02006913,Manchester 056,MSOA,Persons,4-5 yrs,NA,NA,2016/17 - 18/19,27.9166666666667,22.6233723665809,33.9057590975046,NA,NA,67,240,NA,NA,Worse,Similar,20160000,NA,NA
93106,"Children with excess weight Reception Year, three year average",E08000003,Manchester,E02006914,Manchester 057,MSOA,Persons,4-5 yrs,NA,NA,2016/17 - 18/19,25.8064516129032,16.5548761416281,37.881127347148,NA,NA,16,62,NA,NA,Similar,Similar,20160000,NA,NA
93106,"Children with excess weight Reception Year, three year average",E08000003,Manchester,E02006915,Manchester 058,MSOA,Persons,4-5 yrs,NA,NA,2016/17 - 18/19,25.0564334085779,21.2472617566181,29.2944805912687,NA,NA,111,443,NA,NA,Similar,Similar,20160000,NA,NA
93106,"Children with excess weight Reception Year, three year average",E08000003,Manchester,E02006916,Manchester 059,MSOA,Persons,4-5 yrs,NA,NA,2016/17 - 18/19,21.1382113821138,14.8534014692823,29.1712095213819,NA,NA,26,123,NA,NA,Similar,Similar,20160000,NA,NA
93106,"Children with excess weight Reception Year, three year average",E08000003,Manchester,E02006917,Manchester 060,MSOA,Persons,4-5 yrs,NA,NA,2016/17 - 18/19,NA,NA,NA,NA,NA,NA,NA,Value suppressed for disclosure control reasons,NA,Not compared,Not compared,20160000,NA,NA
